,Complain,Income_min_max,Num_of_Children,Purchase_bin,Spent_min_max,Mnt_Responded,Web_Visits_Range,Status_cat,Edu_cat,Age_bin,Registration_bin,Response
0,0.0,0.47412666920009605,2.0,3.0,0.27855382087099423,0.0,1.0,3,2,2.0,1.0,0
1,0.0,0.5171481242177525,3.0,3.0,0.24527526705012323,0.0,1.0,1,4,2.0,1.0,0
2,0.0,0.34569511285139415,2.0,3.0,0.27855382087099423,0.0,1.0,3,2,2.0,1.0,0
3,0.0,0.6471830468750187,2.0,3.0,0.5394412489728841,0.0,1.0,1,4,2.0,1.0,0
4,0.0,0.4843666349730156,3.0,2.0,0.18077239112571897,1.0,1.0,2,4,2.0,3.0,0
5,0.0,0.4385497199554338,2.0,3.0,0.20131470829909612,0.0,1.0,2,4,2.0,2.0,0
6,0.0,0.46058811501293084,2.0,2.0,0.18118323746918652,0.0,1.0,0,2,1.0,2.0,0
7,0.0,0.3087191921958882,1.0,2.0,0.18940016433853737,0.0,1.0,1,2,2.0,1.0,0
8,0.0,0.4926370088232259,2.0,3.0,0.24897288414133112,0.0,1.0,3,2,1.0,1.0,0
9,0.0,0.5317228912505786,1.0,3.0,0.3878389482333607,0.0,1.0,2,2,1.0,2.0,0
10,0.0,0.32629254148685555,3.0,2.0,0.14050944946589974,0.0,1.0,1,2,1.0,1.0,0
11,0.0,0.5534544984696014,2.0,2.0,0.29375513557929334,0.0,0.0,3,3,2.0,2.0,0
12,0.0,0.6320860291761954,1.0,3.0,0.747329498767461,0.0,1.0,3,2,2.0,1.0,0
13,0.0,0.2878568156165136,1.0,2.0,0.08833196384552178,0.0,1.0,1,2,1.0,2.0,0
14,0.0,0.49814421730614056,3.0,2.0,0.16639276910435497,0.0,1.0,1,3,2.0,3.0,0
15,0.0,0.44572056433422896,2.0,2.0,0.20049301561216104,0.0,1.0,1,2,2.0,1.0,0
16,0.0,0.507628854137827,2.0,2.0,0.2000821692686935,1.0,1.0,3,3,1.0,4.0,0
17,0.0,0.42852966007679744,2.0,2.0,0.18570254724732949,0.0,1.0,1,3,1.0,3.0,0
18,0.0,0.3233763981061455,1.0,2.0,0.13763352506162693,0.0,1.0,3,0,1.0,1.0,0
19,0.0,0.29003675230766734,1.0,2.0,0.20172555464256367,0.0,1.0,3,2,1.0,1.0,0
20,0.0,0.46753905349744296,2.0,1.0,0.13105998356614626,0.0,0.0,1,3,1.0,3.0,0
21,0.0,0.35522450827383434,1.0,2.0,0.17666392769104355,0.0,1.0,1,2,1.0,1.0,0
22,0.0,0.423490946759964,2.0,2.0,0.16639276910435497,0.0,1.0,1,4,2.0,3.0,0
23,0.0,0.3404047632243244,1.0,3.0,0.2563681183237469,0.0,1.0,2,2,2.0,2.0,0
24,0.0,0.4374215071065034,1.0,2.0,0.2000821692686935,1.0,1.0,0,4,2.0,1.0,1
25,0.0,0.37909863949230294,1.0,3.0,0.2962202136400986,0.0,1.0,1,3,2.0,1.0,0
26,0.0,0.5133655296408631,2.0,2.0,0.238290879211175,0.0,1.0,3,2,2.0,1.0,0
27,0.0,0.6296192587098899,1.0,2.0,0.604354971240756,0.0,0.0,3,2,2.0,1.0,0
28,0.0,0.42852966007679744,2.0,2.0,0.18570254724732949,0.0,1.0,1,3,1.0,3.0,0
29,0.0,0.3991674426270909,2.0,2.0,0.12161051766639276,0.0,1.0,0,4,2.0,1.0,1
30,0.0,0.4347730752492684,1.0,2.0,0.2469186524239934,0.0,1.0,3,0,1.0,3.0,0
31,0.0,0.3743085154472678,1.0,3.0,0.2695152013147083,0.0,1.0,3,2,1.0,1.0,0
32,0.0,0.44486962413461195,2.0,2.0,0.14256368118323745,0.0,0.0,4,3,2.0,1.0,0
33,0.0,0.471717265488821,2.0,2.0,0.09408381265406737,0.0,0.0,1,2,2.0,3.0,0
34,0.0,0.299043332847434,2.0,1.0,0.05957271980279375,1.0,1.0,1,3,2.0,3.0,0
35,0.0,0.245348050139016,1.0,2.0,0.13147082990961378,0.0,0.0,1,3,2.0,1.0,0
36,0.0,0.6067012400752606,1.0,3.0,0.4950698438783895,0.0,1.0,3,0,2.0,1.0,0
37,0.0,0.6308717661947194,2.0,2.0,0.11832374691865241,0.0,1.0,0,2,2.0,3.0,0
38,0.0,0.11743930867298756,2.0,1.0,0.01684470008216927,0.0,1.0,3,3,2.0,4.0,0
39,0.0,0.6687433856405961,1.0,2.0,0.3344289235825801,0.0,0.0,3,0,2.0,3.0,0
40,0.0,0.4722335662840942,2.0,1.0,0.10599835661462613,0.0,1.0,2,2,2.0,2.0,0
41,0.0,0.5570216302189679,1.0,3.0,0.604354971240756,0.0,1.0,0,3,3.0,1.0,0
42,0.0,0.6549688415959034,0.0,2.0,0.10106820049301561,0.0,1.0,1,4,2.0,1.0,0
43,0.0,0.5983734994700198,1.0,3.0,0.4798685291700904,0.0,1.0,1,2,1.0,1.0,0
44,0.0,0.5507686539206585,1.0,3.0,0.3627773212818406,0.0,0.0,1,0,2.0,4.0,0
45,0.0,0.5313213239653661,1.0,2.0,0.16228430566967952,0.0,1.0,1,3,1.0,4.0,0
46,0.0,0.3552914361547031,1.0,2.0,0.23294987674609696,1.0,1.0,3,3,1.0,1.0,0
47,0.0,0.41964737417292985,2.0,2.0,0.12736236647493837,0.0,1.0,1,2,2.0,1.0,0
48,0.0,0.30725633994261403,2.0,1.0,0.036154478225143796,0.0,0.0,0,2,2.0,2.0,0
49,0.0,0.5108700757970424,1.0,2.0,0.17091207888249793,0.0,0.0,1,4,1.0,4.0,0
50,0.0,0.5507686539206585,1.0,3.0,0.3627773212818406,0.0,0.0,1,0,2.0,4.0,0
51,0.0,0.4510269891745374,2.0,1.0,0.13393590797041904,0.0,1.0,0,3,1.0,2.0,0
52,0.0,0.38575318307582485,2.0,1.0,0.08586688578471652,1.0,1.0,1,4,1.0,1.0,1
53,0.0,0.3066157445114417,1.0,1.0,0.11955628594905504,0.0,1.0,1,4,2.0,2.0,0
54,0.0,0.3381961431556555,1.0,1.0,0.05875102711585867,0.0,1.0,1,4,1.0,3.0,0
55,0.0,0.11743930867298756,2.0,1.0,0.01684470008216927,0.0,1.0,3,3,2.0,4.0,0
56,0.0,0.5983734994700198,1.0,3.0,0.4798685291700904,0.0,1.0,1,2,1.0,1.0,0
57,0.0,0.4768037844348463,1.0,2.0,0.1639276910435497,0.0,0.0,1,3,1.0,3.0,0
58,0.0,0.31777357836484693,2.0,1.0,0.07313064913722267,1.0,1.0,1,4,2.0,1.0,1
59,0.0,0.025231811087520498,1.0,1.0,0.0209531635168447,0.0,1.0,2,2,1.0,3.0,0
60,0.0,0.669470031204314,2.0,3.0,0.3935907970419063,0.0,0.0,3,3,2.0,2.0,0
61,0.0,0.46695582482130094,1.0,2.0,0.28266228430566964,0.0,0.0,2,2,2.0,1.0,0
62,0.0,0.42656962927992675,1.0,1.0,0.3241577649958915,0.0,0.0,0,3,2.0,2.0,0
63,0.0,0.20488536559093468,2.0,1.0,0.029170090386195564,0.0,1.0,3,2,1.0,2.0,0
64,0.0,0.5114150599698308,1.0,3.0,0.4087921117502054,0.0,1.0,2,2,2.0,2.0,0
65,0.0,0.48177556987081094,1.0,2.0,0.36852917009038616,0.0,0.0,2,3,2.0,1.0,0
66,0.0,0.3104784393501527,2.0,1.0,0.023007395234182413,0.0,0.0,3,4,2.0,4.0,0
67,0.0,0.44658106565968436,1.0,2.0,0.18940016433853737,1.0,1.0,4,4,3.0,2.0,0
68,0.0,0.39427214619783346,2.0,1.0,0.04683648315529992,0.0,1.0,2,3,1.0,1.0,0
69,0.0,0.3434260789892567,1.0,2.0,0.1524239934264585,0.0,1.0,0,2,1.0,1.0,0
70,0.0,0.47205190489316473,1.0,2.0,0.40057518488085453,0.0,1.0,1,2,1.0,2.0,0
71,0.0,0.360416199604082,1.0,1.0,0.10846343467543139,0.0,1.0,1,2,1.0,1.0,0
72,0.0,0.1742993240339138,2.0,1.0,0.01725554642563681,0.0,1.0,2,4,2.0,4.0,0
73,0.0,0.5323921700592662,2.0,1.0,0.1162695152013147,0.0,1.0,1,2,2.0,1.0,0
74,0.0,0.025231811087520498,1.0,1.0,0.038619556285949055,0.0,1.0,3,0,1.0,1.0,0
75,0.0,0.45873578635215817,1.0,2.0,0.22021364009860311,1.0,1.0,1,4,1.0,2.0,0
76,0.0,0.5982587659599591,2.0,3.0,0.4050944946589975,1.0,0.0,1,2,2.0,3.0,0
77,0.0,0.5752929416961379,1.0,3.0,0.35209531635168445,0.0,1.0,1,2,2.0,2.0,0
78,0.0,0.5036418646632169,1.0,2.0,0.22144617912900574,0.0,0.0,2,2,1.0,2.0,0
79,0.0,0.5110134926846183,1.0,1.0,0.36729663105998356,0.0,1.0,2,3,2.0,2.0,0
80,0.0,0.5723385538120743,1.0,3.0,0.32826622843056696,0.0,1.0,1,2,2.0,4.0,0
81,0.0,0.11718115827535096,1.0,1.0,0.05012325390304026,0.0,1.0,3,0,1.0,2.0,0
82,0.0,0.23806247225016014,1.0,1.0,0.06532456861133935,0.0,1.0,2,2,1.0,1.0,1
83,0.0,0.4636954809104088,2.0,1.0,0.10312243221035332,0.0,1.0,1,2,1.0,2.0,0
84,0.0,0.39322998348144855,1.0,1.0,0.12982744453574363,0.0,0.0,2,2,2.0,1.0,0
85,1.0,0.3146853347190458,2.0,1.0,0.19186524239934263,1.0,1.0,2,2,1.0,1.0,1
86,0.0,0.47755911337607937,2.0,1.0,0.06902218570254724,0.0,0.0,1,2,1.0,3.0,0
87,0.0,0.6405380644173353,1.0,2.0,0.4663105998356614,0.0,0.0,1,2,1.0,2.0,0
88,0.0,0.4019784136235786,2.0,1.0,0.10147904683648315,0.0,1.0,2,2,2.0,1.0,0
89,0.0,0.29911026072830277,1.0,1.0,0.06820049301561215,1.0,1.0,1,0,1.0,2.0,0
90,0.0,0.5651677094332792,1.0,2.0,0.518898931799507,1.0,0.0,2,3,2.0,1.0,0
91,0.0,0.39427214619783346,2.0,1.0,0.04683648315529992,0.0,1.0,2,3,1.0,1.0,0
92,0.0,0.09762865593583621,2.0,1.0,0.019309778142974528,0.0,0.0,1,2,1.0,2.0,0
93,0.0,0.6050376041793801,1.0,2.0,0.5969597370583402,0.0,1.0,3,2,2.0,1.0,0
94,0.0,0.5962700517855732,1.0,2.0,0.35414954806902216,0.0,0.0,1,2,2.0,3.0,0
95,0.0,0.276326097855411,3.0,0.0,0.041084634346754315,0.0,1.0,1,4,2.0,3.0,0
96,0.0,0.4814122470889519,1.0,2.0,0.4831552999178307,2.0,1.0,1,4,2.0,1.0,0
97,1.0,0.10378602097576163,1.0,1.0,0.035332785538208705,0.0,1.0,1,0,1.0,1.0,0
98,0.0,0.24391388126325697,2.0,1.0,0.015612161051766639,0.0,1.0,4,2,2.0,1.0,0
99,0.0,0.18909994683174697,2.0,1.0,0.015612161051766639,0.0,1.0,1,2,1.0,4.0,0
100,0.0,0.3722528733920132,1.0,1.0,0.19967132292522596,1.0,1.0,3,3,2.0,3.0,0
101,0.0,0.47547478794330955,1.0,2.0,0.21076417419884963,0.0,0.0,3,2,3.0,3.0,0
102,0.0,0.2720618357314875,2.0,1.0,0.05135579293344289,0.0,1.0,2,3,2.0,3.0,0
103,0.0,0.4619075503786292,1.0,1.0,0.1972062448644207,0.0,0.0,3,2,1.0,2.0,0
104,0.0,0.18058098370973835,1.0,1.0,0.02875924404272802,0.0,1.0,0,3,2.0,1.0,0
105,0.0,0.30598471020610774,1.0,1.0,0.142974527526705,0.0,1.0,2,2,2.0,1.0,0
106,0.0,0.494291083593268,1.0,2.0,0.1963845521774856,0.0,0.0,3,4,1.0,1.0,0
107,0.0,0.5210144303115779,2.0,1.0,0.12489728841413311,0.0,1.0,0,3,2.0,3.0,0
108,0.0,0.6245136175121877,1.0,3.0,0.4223500410846343,0.0,0.0,0,4,1.0,3.0,0
109,0.0,0.6991095213033339,1.0,2.0,0.27033689400164335,0.0,0.0,1,2,1.0,2.0,0
110,0.0,0.41979079106050576,3.0,1.0,0.02341824157764996,0.0,0.0,2,4,3.0,4.0,0
111,0.0,0.21371028473977188,1.0,1.0,0.02629416598192276,0.0,1.0,2,4,1.0,1.0,0
112,0.0,0.6245136175121877,1.0,3.0,0.4223500410846343,0.0,0.0,0,4,1.0,3.0,0
113,0.0,0.05881048503195853,1.0,1.0,0.03204601479046836,1.0,1.0,2,2,1.0,2.0,0
114,0.0,0.707905757074656,1.0,2.0,0.2990961380443714,0.0,0.0,0,2,1.0,3.0,0
115,0.0,0.2788502350767469,2.0,1.0,0.02875924404272802,0.0,0.0,3,2,3.0,3.0,0
116,0.0,0.5074663149985743,1.0,2.0,0.2781429745275267,0.0,0.0,1,0,1.0,4.0,0
117,0.0,0.3487325038295651,1.0,1.0,0.0743631881676253,0.0,1.0,0,3,2.0,3.0,0
118,0.0,0.41475207774367234,0.0,3.0,0.3599013968775678,0.0,0.0,2,4,2.0,1.0,0
119,0.0,0.3851412710221676,1.0,1.0,0.12530813475760066,0.0,1.0,3,3,2.0,3.0,0
120,0.0,0.4678163261467564,2.0,2.0,0.22021364009860311,0.0,1.0,1,2,3.0,4.0,0
121,0.0,0.5248388806469353,1.0,1.0,0.1926869350862777,0.0,0.0,1,2,2.0,1.0,0
122,0.0,0.6145987300177737,1.0,2.0,0.2173377156943303,1.0,0.0,1,2,2.0,4.0,0
123,0.0,0.29489380423357126,2.0,1.0,0.036154478225143796,0.0,0.0,1,2,2.0,4.0,0
124,0.0,0.45640990302155293,1.0,2.0,0.23500410846343467,0.0,0.0,2,4,2.0,4.0,0
125,0.0,0.20298270154909437,1.0,1.0,0.034100246507806076,0.0,0.0,3,2,2.0,4.0,0
126,0.0,0.09549652487387446,1.0,1.0,0.024239934264585043,0.0,1.0,0,4,1.0,3.0,0
127,0.0,0.2832579140882463,2.0,1.0,0.039852095316351685,0.0,1.0,0,4,1.0,1.0,0
128,0.0,0.5181269703083831,1.0,2.0,0.1992604765817584,0.0,0.0,0,0,2.0,3.0,0
129,0.0,0.5540289978315507,1.0,2.0,0.33401807723911253,0.0,0.0,3,2,2.0,1.0,0
130,0.0,0.47899328225183835,1.0,2.0,0.503697617091208,1.0,1.0,0,4,2.0,2.0,0
131,0.0,0.025231811087520498,0.0,1.0,0.047658175842235,0.0,0.0,1,0,0.0,1.0,0
132,0.0,0.4193987849011316,1.0,1.0,0.09695973705834017,0.0,1.0,1,2,2.0,2.0,0
133,0.0,0.4352798149187032,2.0,2.0,0.2132292522596549,0.0,0.0,1,2,2.0,3.0,0
134,0.0,0.3851412710221676,1.0,1.0,0.12530813475760066,0.0,1.0,3,3,2.0,3.0,0
135,0.0,0.2735438102364385,1.0,1.0,0.03574363188167625,0.0,1.0,1,2,1.0,1.0,0
136,0.0,0.6426032675984282,1.0,2.0,0.5472473294987675,0.0,0.0,0,2,2.0,2.0,0
137,0.0,0.5549659881637132,1.0,2.0,0.2530813475760066,0.0,0.0,1,0,2.0,3.0,0
138,0.0,0.13320560518049845,1.0,1.0,0.029170090386195564,0.0,1.0,1,2,2.0,2.0,0
139,1.0,0.5091490731461316,1.0,2.0,0.30895645028759244,0.0,1.0,1,2,2.0,2.0,0
140,0.0,0.28778988773564484,1.0,1.0,0.049301561216105176,0.0,1.0,1,2,1.0,4.0,0
141,0.0,0.4100001982019908,1.0,1.0,0.1105176663927691,1.0,1.0,1,2,2.0,2.0,1
142,0.0,0.5591442001550913,1.0,2.0,0.4498767460969597,1.0,1.0,3,4,2.0,1.0,0
143,0.0,0.4525185248053267,2.0,1.0,0.029170090386195564,1.0,0.0,3,4,1.0,4.0,0
144,0.0,0.5264738331653006,1.0,2.0,0.31224322103533275,0.0,1.0,3,2,2.0,1.0,0
145,0.0,0.6070454406054427,1.0,2.0,0.3553820870994248,0.0,1.0,2,4,1.0,3.0,0
146,0.0,0.3185193461802416,1.0,1.0,0.060394412489728835,0.0,1.0,1,4,1.0,3.0,0
147,0.0,0.3335494359981962,1.0,1.0,0.10969597370583402,0.0,1.0,2,2,1.0,4.0,0
148,0.0,0.42287903470630683,1.0,2.0,0.2801972062448644,0.0,1.0,2,2,3.0,3.0,0
149,0.0,0.14145685677903208,1.0,1.0,0.03204601479046836,0.0,1.0,3,2,2.0,2.0,0
150,0.0,0.33271761805025596,1.0,1.0,0.12037797863599013,0.0,1.0,2,2,1.0,1.0,0
151,0.0,0.573036515998277,1.0,2.0,0.2769104354971241,0.0,0.0,1,2,2.0,2.0,0
152,0.0,0.11472394893488382,2.0,0.0,0.01314708299096138,0.0,1.0,1,2,2.0,1.0,0
153,0.0,0.4942145945865609,2.0,1.0,0.054231717337715694,0.0,0.0,4,4,3.0,4.0,0
154,0.0,0.5071699200975841,1.0,2.0,0.16228430566967952,0.0,0.0,3,4,1.0,2.0,0
155,0.0,0.2980872202635947,1.0,1.0,0.01684470008216927,0.0,1.0,2,4,1.0,2.0,0
156,0.0,0.5091777565236467,1.0,1.0,0.17953985209531634,0.0,0.0,1,2,2.0,4.0,0
157,0.0,0.2963853398643606,2.0,0.0,0.017666392769104353,1.0,0.0,2,4,1.0,4.0,0
158,0.0,0.6045595478874605,0.0,1.0,0.5238290879211175,0.0,0.0,2,3,1.0,3.0,0
159,0.0,0.42360568027002476,1.0,1.0,0.1487263763352506,0.0,1.0,2,2,1.0,2.0,0
160,0.0,0.25329334571072104,2.0,0.0,0.010271158586688577,0.0,1.0,1,2,1.0,3.0,0
161,0.0,0.3145323567056315,2.0,0.0,0.013968775677896464,0.0,1.0,3,2,2.0,1.0,0
162,0.0,0.5977902707938778,1.0,1.0,0.6096959737058341,1.0,0.0,2,2,2.0,1.0,0
163,0.0,0.6236722384384091,1.0,2.0,0.4745275267050123,1.0,1.0,1,3,2.0,2.0,0
164,0.0,0.20068803134787994,1.0,0.0,0.01725554642563681,0.0,1.0,3,2,1.0,2.0,0
165,0.0,0.4390851430023839,2.0,0.0,0.04437140509449466,0.0,1.0,2,2,2.0,3.0,0
166,0.0,0.16308412342547823,1.0,0.0,0.011092851273623664,0.0,1.0,3,2,2.0,3.0,0
167,0.0,0.7720131058210845,1.0,2.0,0.8011503697617092,1.0,0.0,3,2,1.0,1.0,0
168,0.0,0.21278285553344772,2.0,0.0,0.01437962202136401,0.0,1.0,1,2,2.0,4.0,0
169,0.0,0.2734003933488626,2.0,0.0,0.012325390304026292,0.0,1.0,3,2,2.0,4.0,0
170,0.0,0.24556795603329906,1.0,0.0,0.025883319638455218,0.0,1.0,3,2,1.0,1.0,0
171,0.0,0.6591631375505258,1.0,2.0,0.6253081347576007,1.0,1.0,1,2,2.0,1.0,0
172,0.0,0.36512983464241,1.0,1.0,0.02875924404272802,0.0,0.0,1,0,1.0,4.0,0
173,0.0,0.5127918620905595,1.0,1.0,0.16023007395234182,0.0,1.0,1,3,1.0,3.0,0
174,0.0,0.5710478018238911,2.0,0.0,0.0419063270336894,0.0,0.0,0,2,2.0,4.0,0
175,0.0,0.3390375222294341,2.0,1.0,0.03944124897288414,0.0,1.0,1,2,1.0,3.0,0
176,0.0,0.5293899765460106,1.0,1.0,0.43590797041906326,0.0,0.0,2,2,2.0,2.0,0
177,0.0,0.2963853398643606,2.0,0.0,0.017666392769104353,1.0,0.0,0,4,1.0,4.0,0
178,0.0,0.15773945408181622,1.0,0.0,0.01725554642563681,0.0,1.0,2,2,1.0,2.0,0
179,0.0,0.5443435773572581,1.0,2.0,0.24856203779786357,0.0,0.0,1,3,2.0,3.0,0
180,0.0,0.09995200951456583,0.0,1.0,0.048479868529170085,0.0,0.0,1,0,2.0,3.0,0
181,0.0,0.6899882072535065,1.0,2.0,0.4802793755135579,0.0,0.0,1,3,2.0,4.0,0
182,0.0,0.45220300765265975,1.0,1.0,0.10640920295809367,0.0,0.0,3,4,3.0,4.0,0
183,0.0,0.4283958043150599,0.0,1.0,0.571076417419885,1.0,1.0,2,4,2.0,1.0,1
184,0.0,0.6425267785917211,1.0,2.0,0.30895645028759244,0.0,0.0,1,2,1.0,3.0,0
185,0.0,0.4285009766992822,1.0,1.0,0.12695152013147082,0.0,1.0,1,2,2.0,2.0,0
186,0.0,0.6752353900848653,1.0,2.0,0.4737058340180772,0.0,0.0,3,0,1.0,1.0,0
187,0.0,0.2880097936299279,2.0,0.0,0.01314708299096138,0.0,1.0,3,0,1.0,1.0,0
188,0.0,1.0,1.0,1.0,0.01684470008216927,0.0,1.0,2,4,1.0,2.0,0
189,0.0,0.4365801280327248,2.0,1.0,0.03492193919474117,0.0,1.0,3,0,2.0,3.0,0
190,0.0,0.3307384650017085,1.0,0.0,0.020131470829909612,0.0,1.0,3,2,1.0,4.0,0
191,0.0,0.6370291312346449,0.0,1.0,0.22719802793755134,0.0,0.0,3,0,2.0,2.0,0
192,0.0,0.16935622197546435,3.0,0.0,0.012736236647493836,0.0,1.0,1,2,2.0,3.0,0
193,0.0,0.5842517166067126,1.0,1.0,0.2009038619556286,0.0,0.0,3,4,2.0,4.0,0
194,0.0,0.6757719837271414,0.0,0.0,0.020131470829909612,0.0,0.0,1,4,2.0,2.0,0
195,0.0,0.5759909038823406,1.0,1.0,0.43015612161051764,0.0,1.0,3,3,1.0,3.0,0
196,0.0,0.2957829889365418,1.0,0.0,0.025472473294987672,0.0,1.0,1,2,1.0,1.0,0
197,0.0,0.5816415292528312,1.0,2.0,0.26705012325390304,0.0,0.0,1,4,2.0,4.0,0
198,0.0,0.09968429799109081,1.0,0.0,0.010271158586688577,1.0,1.0,0,2,1.0,1.0,1
199,0.0,0.19597439630955193,1.0,0.0,0.01068200493015612,0.0,1.0,4,4,3.0,3.0,0
200,0.0,0.5034123976430954,0.0,3.0,0.43303204601479045,0.0,1.0,4,4,3.0,3.0,0
201,0.0,0.328223888906211,1.0,1.0,0.052177485620377974,0.0,0.0,2,4,1.0,4.0,0
202,0.0,0.57801786256008,2.0,1.0,0.10435497124075595,0.0,0.0,1,2,2.0,2.0,0
203,0.0,0.633386342290217,1.0,3.0,0.5427280197206246,0.0,0.0,1,2,3.0,2.0,0
204,0.0,0.29797248675353394,3.0,0.0,0.02259654889071487,0.0,1.0,1,2,1.0,4.0,0
205,0.0,0.6918908712953469,1.0,2.0,0.4650780608052588,0.0,0.0,3,2,2.0,4.0,0
206,0.0,0.3794810845258387,1.0,1.0,0.11462612982744454,0.0,1.0,4,3,2.0,3.0,0
207,0.0,0.314130789420419,1.0,1.0,0.07477403451109285,0.0,1.0,1,2,2.0,4.0,0
208,0.0,0.6209377564486286,1.0,2.0,0.4239934264585045,0.0,0.0,3,4,2.0,4.0,0
209,0.0,0.4565724421608056,1.0,1.0,0.40427280197206245,0.0,1.0,2,4,1.0,1.0,0
210,0.0,0.08979816701726921,1.0,0.0,0.01684470008216927,0.0,0.0,1,2,2.0,4.0,0
211,0.0,0.5275064347558471,1.0,1.0,0.07888249794576828,0.0,0.0,3,3,2.0,4.0,0
212,0.0,0.2546701478314497,1.0,1.0,0.061216105176663926,0.0,1.0,3,4,2.0,1.0,0
213,0.0,0.6708659555767195,1.0,2.0,0.5686113393590797,0.0,0.0,1,2,2.0,2.0,0
214,0.0,0.3251834508896019,1.0,1.0,0.03492193919474117,0.0,1.0,1,2,1.0,2.0,0
215,0.0,0.4212345210621032,2.0,0.0,0.023007395234182413,0.0,0.0,2,4,2.0,4.0,0
216,0.0,0.4594407799123237,1.0,1.0,0.23377156943303204,1.0,1.0,1,2,2.0,2.0,0
217,0.0,0.25770102472222045,1.0,0.0,0.03163516844700082,1.0,1.0,1,2,1.0,2.0,1
218,0.0,0.16453741455291404,1.0,0.0,0.02506162695152013,0.0,1.0,3,2,2.0,3.0,0
219,0.0,0.7032686110430352,1.0,2.0,0.4819227608874281,0.0,0.0,3,2,1.0,4.0,0
220,0.0,0.2838985095194187,1.0,0.0,0.020131470829909612,0.0,1.0,2,4,2.0,4.0,0
221,0.0,0.5388841745035354,1.0,2.0,0.5484798685291701,0.0,0.0,1,2,2.0,2.0,0
222,0.0,0.44220207002570017,2.0,0.0,0.020131470829909612,0.0,1.0,1,0,1.0,4.0,0
223,0.0,0.24827375464556445,1.0,0.0,0.020542317173377157,0.0,0.0,2,2,1.0,3.0,0
224,0.0,0.23088206674552664,1.0,0.0,0.015612161051766639,0.0,1.0,1,2,1.0,3.0,0
225,0.0,0.09498978520443958,1.0,0.0,0.01848808545603944,0.0,1.0,1,0,1.0,1.0,0
226,0.0,0.5136332411643381,1.0,2.0,0.31101068200493015,1.0,0.0,3,0,1.0,3.0,0
227,0.0,0.5886307122406969,1.0,2.0,0.5632703368940016,0.0,1.0,3,4,2.0,3.0,0
228,0.0,0.3924077266593467,1.0,0.0,0.024650780608052588,0.0,0.0,3,3,2.0,4.0,0
229,0.0,0.6687529467664345,1.0,1.0,0.39400164338537386,0.0,0.0,1,3,2.0,1.0,0
230,0.0,0.6140441847191468,1.0,3.0,0.6491372226787182,0.0,1.0,1,4,2.0,3.0,0
231,0.0,0.3145514789573083,0.0,1.0,0.12777321281840592,0.0,1.0,1,2,3.0,1.0,0
232,0.0,0.21935134898442404,1.0,1.0,0.06984387838948233,0.0,1.0,1,2,1.0,1.0,0
233,0.0,0.47113403681267896,1.0,1.0,0.080936729663106,0.0,1.0,0,2,2.0,3.0,0
234,0.0,0.6221520194301046,1.0,2.0,0.4285127362366475,0.0,0.0,0,2,2.0,2.0,0
235,0.0,0.15009055341110145,1.0,0.0,0.019309778142974528,0.0,1.0,1,3,1.0,2.0,0
236,0.0,0.2867572861450983,2.0,0.0,0.011503697617091206,0.0,1.0,2,2,1.0,3.0,0
237,0.0,0.4231467462297819,0.0,2.0,0.5024650780608053,2.0,1.0,0,0,2.0,1.0,0
238,0.0,0.20679759075861337,0.0,1.0,0.0838126540673788,0.0,1.0,3,0,2.0,1.0,0
239,0.0,0.5722525036795287,1.0,1.0,0.2448644207066557,0.0,0.0,0,2,2.0,4.0,0
240,0.0,0.3618790518573562,1.0,1.0,0.16433853738701726,0.0,1.0,2,4,1.0,1.0,0
241,0.0,0.5848731897862082,1.0,2.0,0.2756778964667214,0.0,1.0,4,2,2.0,2.0,0
242,1.0,0.3329470850703774,1.0,0.0,0.030813475760065732,0.0,1.0,2,4,1.0,1.0,0
243,0.0,0.317362449953796,2.0,0.0,0.01602300739523418,0.0,1.0,0,3,3.0,4.0,0
244,0.0,0.3664205866305931,1.0,2.0,0.2592440427280197,0.0,1.0,0,2,3.0,2.0,0
245,0.0,0.27079020599498116,1.0,1.0,0.04683648315529992,0.0,1.0,1,2,1.0,4.0,0
246,0.0,0.3435599347509942,1.0,1.0,0.17584223500410845,0.0,1.0,1,2,1.0,2.0,0
247,0.0,0.3558651037050067,1.0,1.0,0.15447822514379622,1.0,1.0,1,2,1.0,2.0,1
248,0.0,0.3770812419404019,2.0,0.0,0.014790468364831551,0.0,1.0,1,2,2.0,2.0,0
249,0.0,0.31616730922399683,0.0,1.0,0.10640920295809367,2.0,1.0,2,4,1.0,3.0,1
250,0.0,0.22925667535299976,2.0,0.0,0.01068200493015612,0.0,0.0,3,3,2.0,4.0,0
251,0.0,0.5797006207076373,0.0,2.0,0.4268693508627773,0.0,0.0,1,2,2.0,4.0,0
252,0.0,0.35919237549676764,1.0,0.0,0.02506162695152013,0.0,0.0,4,2,2.0,4.0,0
253,0.0,0.4620509672662051,1.0,1.0,0.10723089564502876,0.0,0.0,3,2,2.0,3.0,0
254,0.0,0.47750174662104905,1.0,2.0,0.28225143796220215,0.0,0.0,2,2,2.0,1.0,0
255,0.0,0.08424307976208527,2.0,0.0,0.0078060805258833195,0.0,1.0,3,2,2.0,2.0,0
256,0.0,0.47823795331060526,1.0,2.0,0.3241577649958915,0.0,0.0,2,4,1.0,2.0,0
257,0.0,0.6712962062394472,1.0,2.0,0.4383730484798685,0.0,0.0,3,2,2.0,2.0,0
258,0.0,0.57641159341923,1.0,2.0,0.45562859490550534,0.0,0.0,1,2,2.0,1.0,0
259,0.0,0.35919237549676764,1.0,0.0,0.02506162695152013,0.0,0.0,4,2,1.0,4.0,0
260,0.0,0.18713991603487629,2.0,0.0,0.018077239112571898,0.0,1.0,1,2,1.0,4.0,0
261,0.0,0.5204216405095975,1.0,1.0,0.2058340180772391,0.0,0.0,3,4,3.0,2.0,0
262,0.0,0.4489139803642524,2.0,0.0,0.02341824157764996,0.0,1.0,1,2,1.0,2.0,0
263,0.0,0.606299672790048,2.0,1.0,0.1228430566967954,0.0,0.0,0,2,1.0,3.0,0
264,0.0,0.2667936553945327,1.0,1.0,0.016433853738701723,0.0,0.0,1,3,1.0,4.0,0
265,0.0,0.05299732052221527,1.0,0.0,0.015201314708299093,0.0,0.0,3,0,1.0,4.0,0
266,0.0,0.4460934482419263,1.0,2.0,0.1820049301561216,0.0,0.0,3,4,2.0,3.0,0
267,0.0,0.6970538792480794,1.0,3.0,0.6257189811010683,1.0,1.0,1,4,2.0,2.0,0
268,0.0,0.6282137732116461,1.0,2.0,0.3085456039441249,0.0,0.0,2,2,2.0,3.0,0
269,0.0,0.5986316498676565,1.0,1.0,0.1676253081347576,0.0,0.0,1,4,3.0,3.0,0
270,0.0,0.3202881544603444,1.0,1.0,0.05135579293344289,0.0,0.0,1,2,1.0,2.0,0
271,0.0,0.7185186067552728,1.0,2.0,0.5706655710764175,0.0,0.0,1,2,1.0,2.0,0
272,0.0,0.17659399423512828,1.0,1.0,0.039852095316351685,0.0,1.0,1,0,1.0,1.0,0
273,0.0,0.1803515166896169,1.0,0.0,0.028348397699260473,0.0,1.0,3,1,1.0,2.0,0
274,0.0,0.4653973613096428,2.0,0.0,0.03574363188167625,0.0,0.0,3,4,2.0,4.0,0
275,0.0,0.43159878147092173,1.0,2.0,0.25965488907148726,0.0,1.0,0,2,2.0,2.0,0
276,0.0,0.2140066796407621,1.0,0.0,0.039030402629416594,0.0,1.0,1,2,1.0,4.0,0
277,0.0,0.4022365640212152,3.0,0.0,0.029580936729663103,0.0,0.0,3,2,1.0,4.0,0
278,0.0,0.5222286932930539,1.0,1.0,0.18693508627773212,0.0,0.0,3,2,1.0,3.0,0
279,0.0,0.4415136689653358,2.0,1.0,0.16885784716516022,0.0,1.0,1,4,2.0,1.0,0
280,0.0,0.6371343036188671,1.0,3.0,0.3241577649958915,0.0,0.0,3,3,2.0,2.0,0
281,0.0,0.16447048667204528,1.0,0.0,0.020131470829909612,0.0,1.0,1,2,1.0,3.0,0
282,0.0,0.539410036424647,1.0,1.0,0.06532456861133935,0.0,1.0,3,2,2.0,4.0,0
283,0.0,0.6832284912857624,1.0,1.0,0.3804437140509449,0.0,0.0,4,2,2.0,4.0,0
284,0.0,0.47037870787144587,1.0,1.0,0.2695152013147083,0.0,0.0,3,2,1.0,2.0,0
285,0.0,0.34323485647248886,1.0,0.0,0.03574363188167625,0.0,1.0,2,4,2.0,3.0,0
286,0.0,0.2552724987592685,1.0,0.0,0.036154478225143796,0.0,1.0,2,4,1.0,2.0,0
287,0.0,0.2954770329097132,1.0,1.0,0.028348397699260473,0.0,1.0,1,2,1.0,3.0,0
288,0.0,0.6291698857954854,0.0,1.0,0.4396055875102711,0.0,0.0,3,2,3.0,3.0,0
289,0.0,0.36009112132557664,0.0,0.0,0.04889071487263763,0.0,0.0,1,2,2.0,4.0,0
290,0.0,0.6141780404808843,0.0,2.0,1.0,0.0,0.0,1,4,3.0,2.0,0
291,0.0,0.7178493279465852,0.0,1.0,0.4018077239112572,0.0,0.0,2,2,1.0,4.0,0
292,0.0,0.21597627156347116,0.0,0.0,0.05628594905505341,0.0,1.0,1,3,3.0,2.0,0
293,0.0,0.19142330041047662,1.0,0.0,0.030402629416598187,1.0,1.0,3,1,1.0,1.0,0
294,0.0,0.6511795974754673,0.0,1.0,0.8019720624486443,1.0,0.0,0,4,2.0,3.0,0
295,0.0,0.7299345910063146,0.0,1.0,0.8229252259654889,3.0,0.0,3,2,2.0,4.0,0
296,0.0,0.5936503033058534,0.0,1.0,0.4564502875924404,0.0,0.0,2,2,1.0,3.0,0
297,0.0,0.6780367999555146,0.0,2.0,0.5883319638455218,2.0,0.0,2,3,1.0,3.0,1
298,0.0,0.30704599517416936,1.0,0.0,0.011092851273623664,0.0,1.0,2,0,1.0,3.0,0
299,0.0,0.6895579565907788,0.0,1.0,0.43385373870172556,1.0,0.0,0,2,2.0,4.0,0
300,0.0,0.7195990139750112,0.0,1.0,0.6117502054231717,1.0,0.0,1,2,2.0,4.0,0
301,0.0,0.17765527920318996,1.0,0.0,0.008627773212818405,0.0,1.0,2,2,1.0,1.0,0
302,0.0,0.27128738453857765,1.0,0.0,0.02629416598192276,0.0,1.0,3,2,1.0,4.0,0
303,0.0,0.22742093919202816,1.0,0.0,0.036154478225143796,1.0,1.0,2,2,1.0,3.0,0
304,0.0,0.6954476101072292,0.0,2.0,0.7103533278553821,1.0,0.0,2,3,3.0,3.0,0
305,0.0,0.5924456014502159,0.0,1.0,0.35004108463434674,0.0,0.0,3,2,2.0,3.0,0
306,0.0,0.5482636389509994,2.0,2.0,0.3861955628594905,0.0,0.0,0,2,2.0,1.0,0
307,0.0,0.28754129846384663,0.0,0.0,0.05382087099424815,0.0,0.0,1,2,0.0,2.0,0
308,0.0,0.6882193989734037,0.0,1.0,0.46179129005751846,0.0,0.0,4,4,3.0,4.0,0
309,0.0,0.33056636473661744,1.0,0.0,0.03944124897288414,0.0,1.0,3,4,1.0,3.0,0
310,0.0,0.28262687978291234,1.0,0.0,0.009860312243221035,0.0,1.0,1,2,1.0,3.0,0
311,0.0,0.2430246965602864,1.0,0.0,0.012736236647493836,0.0,1.0,2,2,1.0,1.0,0
312,0.0,0.4561421914980779,1.0,0.0,0.036565324568611335,0.0,0.0,2,4,2.0,4.0,0
313,0.0,0.22064210097260717,1.0,0.0,0.009449465899753491,0.0,0.0,2,2,1.0,4.0,0
314,0.0,0.1953529231300563,1.0,0.0,0.012736236647493836,0.0,1.0,1,2,2.0,3.0,0
315,0.0,0.2105933577164556,1.0,0.0,0.009860312243221035,0.0,1.0,1,0,2.0,2.0,0
317,0.0,0.6788781790292933,0.0,1.0,0.5078060805258834,0.0,0.0,1,4,3.0,4.0,0
318,0.0,0.41074596601738544,2.0,0.0,0.01684470008216927,0.0,1.0,3,0,2.0,3.0,0
319,0.0,0.6995588942177384,1.0,2.0,0.21446179129005752,2.0,1.0,4,4,2.0,1.0,1
320,0.0,0.7054294254825121,1.0,1.0,0.743631881676253,0.0,1.0,3,4,2.0,2.0,0
321,0.0,0.7431002612857825,0.0,1.0,0.661873459326212,2.0,0.0,0,2,1.0,4.0,1
322,0.0,0.6805991816802041,0.0,2.0,0.5410846343467544,1.0,0.0,2,4,2.0,3.0,0
323,0.0,0.38530381016142035,2.0,0.0,0.006162695152013146,0.0,1.0,2,2,2.0,4.0,0
324,0.0,0.30543972603331926,2.0,0.0,0.004108463434675431,0.0,1.0,3,2,2.0,1.0,0
325,0.0,0.6204597001567088,0.0,2.0,0.3648315529991783,0.0,0.0,1,2,3.0,3.0,0
326,0.0,0.5909062601902345,0.0,1.0,0.5271158586688579,0.0,0.0,3,0,1.0,1.0,0
327,0.0,0.6728642308769437,1.0,3.0,0.4363188167625308,0.0,0.0,1,2,2.0,3.0,0
328,0.0,0.473954568935005,3.0,0.0,0.01314708299096138,0.0,0.0,1,4,3.0,2.0,0
329,0.0,0.511223837453063,1.0,2.0,0.4346754313886606,0.0,0.0,4,2,2.0,3.0,0
330,0.0,0.2946834594651266,1.0,0.0,0.0209531635168447,0.0,0.0,0,4,2.0,4.0,0
331,0.0,0.6287013906294041,0.0,1.0,0.5234182415776499,0.0,0.0,1,2,2.0,2.0,0
332,0.0,0.6534336857081474,2.0,0.0,0.006162695152013146,0.0,1.0,2,0,2.0,4.0,0
333,0.0,0.6258712973812396,0.0,2.0,0.5628594905505341,0.0,0.0,3,2,3.0,2.0,0
334,0.0,0.2411315936442845,1.0,0.0,0.014790468364831551,0.0,1.0,2,2,2.0,2.0,0
335,0.0,0.14598883042643063,0.0,0.0,0.011503697617091206,0.0,1.0,1,0,1.0,4.0,0
336,0.0,0.18620292570271374,1.0,0.0,0.010271158586688577,0.0,1.0,2,0,1.0,1.0,0
337,0.0,0.5447738280199858,0.0,1.0,0.776088742810189,0.0,1.0,2,2,2.0,1.0,1
338,0.0,0.5556926337274312,0.0,2.0,0.6064092029580938,1.0,0.0,3,4,2.0,2.0,0
339,0.0,0.1886696961690193,1.0,0.0,0.009449465899753491,0.0,0.0,3,1,1.0,3.0,0
340,0.0,0.6656838253723102,0.0,2.0,0.7099424815119145,0.0,0.0,3,2,3.0,3.0,0
341,0.0,0.8175527481893529,0.0,1.0,0.6499589153656533,0.0,0.0,1,2,2.0,4.0,0
342,0.0,0.33643689600139104,1.0,0.0,0.01068200493015612,0.0,1.0,4,2,2.0,3.0,0
343,0.0,0.8378414572184238,0.0,2.0,0.8331963845521775,3.0,0.0,1,4,1.0,2.0,1
344,0.0,0.6201154996265267,0.0,1.0,0.32662284305669675,0.0,0.0,2,2,1.0,4.0,0
345,0.0,0.336532507259775,1.0,1.0,0.1676253081347576,1.0,1.0,1,2,1.0,3.0,0
346,0.0,0.551581349616922,0.0,1.0,0.1705012325390304,1.0,0.0,1,2,2.0,3.0,0
347,0.0,0.6525659607220343,0.0,1.0,0.4087921117502054,0.0,0.0,3,3,2.0,3.0,0
348,0.0,0.5233091005127923,1.0,2.0,0.20254724732949875,1.0,1.0,1,2,2.0,1.0,0
349,0.0,0.20037251419521296,1.0,0.0,0.009038619556285949,0.0,1.0,0,2,2.0,1.0,0
350,0.0,0.4257378113319865,2.0,0.0,0.024239934264585043,0.0,1.0,2,3,3.0,3.0,0
351,0.0,0.579643253952607,1.0,2.0,0.2058340180772391,0.0,0.0,4,2,2.0,4.0,0
352,0.0,0.3084897251757668,1.0,0.0,0.027115858668857844,1.0,1.0,1,4,2.0,4.0,0
353,0.0,0.6484164321081715,1.0,1.0,0.4774034511092851,0.0,0.0,2,2,2.0,3.0,0
354,0.0,0.31000038305823296,2.0,0.0,0.006984387838948232,0.0,1.0,1,0,1.0,2.0,0
355,0.0,0.34660579006116243,1.0,1.0,0.6922760887428102,2.0,0.0,1,4,0.0,4.0,1
356,0.0,0.8163862908370688,0.0,1.0,0.6635168447000822,3.0,0.0,2,3,1.0,4.0,1
357,0.0,0.1942342714069643,2.0,0.0,0.0028759244042728016,0.0,1.0,3,0,1.0,3.0,0
358,0.0,0.4441525396967324,0.0,1.0,0.08874281018898932,0.0,0.0,3,2,3.0,4.0,0
359,0.0,0.7556157750082396,1.0,2.0,0.33278553820870993,0.0,0.0,1,3,1.0,4.0,0
360,0.0,0.609942461734476,0.0,2.0,0.6294165981922761,0.0,0.0,2,2,1.0,1.0,0
361,0.0,0.7197615531142639,0.0,2.0,0.8566146261298274,1.0,1.0,1,3,1.0,2.0,0
362,0.0,0.6480722315779893,0.0,1.0,0.5846343467543139,1.0,0.0,4,2,3.0,2.0,1
363,0.0,0.6978092081893125,0.0,2.0,0.5505341002465078,2.0,0.0,3,4,1.0,4.0,0
364,0.0,0.34028046858842526,2.0,0.0,0.017666392769104353,1.0,0.0,3,4,2.0,4.0,0
365,0.0,0.7081925908498078,0.0,2.0,0.3849630238290879,0.0,0.0,1,4,2.0,3.0,0
366,0.0,0.7551664020938351,0.0,2.0,0.6442070665571077,1.0,0.0,3,2,2.0,2.0,0
367,0.0,0.742287565589519,0.0,1.0,0.7859490550534101,1.0,0.0,1,2,1.0,1.0,1
368,0.0,0.6910877367249217,0.0,1.0,0.40427280197206245,0.0,0.0,1,2,3.0,2.0,0
369,0.0,0.3589437862249694,2.0,0.0,0.014790468364831551,0.0,1.0,1,4,2.0,3.0,0
370,0.0,0.6177921460477971,0.0,1.0,0.4264585045193098,0.0,0.0,3,4,2.0,3.0,0
371,0.0,0.7108123393295276,0.0,1.0,0.36524239934264585,1.0,0.0,1,2,1.0,1.0,1
372,0.0,0.2678071347334024,2.0,0.0,0.015201314708299093,0.0,0.0,1,2,3.0,2.0,0
373,0.0,0.8140246927549856,0.0,1.0,0.6051766639276911,3.0,0.0,1,2,1.0,3.0,1
374,0.0,0.7839740742449148,0.0,2.0,0.8660640920295809,0.0,0.0,2,4,1.0,1.0,0
375,0.0,0.6558358657587648,0.0,2.0,0.8553820870994249,1.0,0.0,4,2,2.0,3.0,0
376,0.0,0.7274965039175243,0.0,2.0,0.49589153656532453,1.0,0.0,1,3,2.0,2.0,0
377,0.0,0.48476820225822803,1.0,0.0,0.015201314708299093,0.0,0.0,0,2,1.0,4.0,0
378,0.0,0.6447736431637436,0.0,1.0,0.3833196384552177,2.0,0.0,4,2,1.0,4.0,0
379,0.0,0.6996831888536376,0.0,1.0,0.5394412489728841,0.0,0.0,1,0,2.0,1.0,0
380,0.0,0.7161283252956744,1.0,2.0,0.24609695973705834,0.0,0.0,2,4,2.0,3.0,0
381,0.0,0.15035826493457644,1.0,0.0,0.0078060805258833195,0.0,1.0,2,2,2.0,4.0,0
382,0.0,0.4178376373459347,1.0,0.0,0.01068200493015612,0.0,1.0,2,3,1.0,4.0,0
383,0.0,0.7412071583697806,0.0,2.0,0.8015612161051767,1.0,0.0,3,3,2.0,1.0,1
384,0.0,0.3587812470857167,1.0,0.0,0.038619556285949055,0.0,1.0,3,3,1.0,2.0,0
385,0.0,0.538920662894913,1.0,0.0,0.03245686113393591,0.0,1.0,1,4,2.0,2.0,0
386,0.0,0.5863951426950527,0.0,0.0,0.02218570254724733,0.0,1.0,1,2,2.0,1.0,0
387,0.0,0.2918724884686389,1.0,0.0,0.01068200493015612,0.0,1.0,0,0,1.0,2.0,0
388,0.0,0.25359930173754963,1.0,0.0,0.008627773212818405,1.0,1.0,2,3,1.0,1.0,1
389,0.0,0.6878178316881912,0.0,1.0,0.26088742810188986,0.0,0.0,1,0,2.0,4.0,0
390,0.0,0.3096179380246972,2.0,0.0,0.020131470829909612,1.0,1.0,0,2,2.0,2.0,1
391,0.0,0.19931122922715128,1.0,0.0,0.006162695152013146,0.0,1.0,2,1,1.0,4.0,0
392,0.0,0.19496091697068219,1.0,0.0,0.004930156121610517,0.0,1.0,1,2,1.0,3.0,0
393,0.0,0.5286442087306159,1.0,2.0,0.3849630238290879,0.0,0.0,2,2,1.0,2.0,0
394,0.0,0.4398978386986473,1.0,0.0,0.02341824157764996,0.0,0.0,1,4,2.0,4.0,0
395,0.0,0.6387692561372325,0.0,1.0,0.723089564502876,3.0,1.0,4,4,2.0,3.0,1
396,0.0,0.11915075019806,0.0,0.0,0.016433853738701723,0.0,1.0,1,2,1.0,1.0,0
397,0.0,0.12657974497449176,0.0,0.0,0.0032867707477403454,0.0,0.0,1,2,3.0,3.0,0
398,0.0,0.6940994913640157,0.0,1.0,0.47288414133114215,1.0,0.0,2,2,3.0,4.0,0
399,0.0,0.8129825300386008,0.0,2.0,0.3410024650780608,1.0,0.0,3,2,1.0,2.0,0
400,0.0,0.6358722350081992,0.0,1.0,0.3167625308134757,0.0,0.0,3,2,2.0,3.0,0
401,0.0,0.0629791358974981,0.0,0.0,0.0032867707477403454,0.0,1.0,0,0,1.0,3.0,0
402,0.0,0.7240449374898642,0.0,1.0,0.5842235004108464,1.0,0.0,1,2,3.0,4.0,0
403,0.0,0.608097164447666,0.0,1.0,0.6836483155299918,0.0,0.0,1,4,2.0,1.0,0
404,0.0,0.4957826192240574,0.0,1.0,0.41659819227608874,0.0,0.0,3,2,1.0,1.0,0
405,0.0,0.44059580088485,1.0,0.0,0.016433853738701723,0.0,0.0,3,3,2.0,2.0,0
406,0.0,0.3648238786155814,1.0,0.0,0.052177485620377974,0.0,0.0,3,3,1.0,3.0,0
407,0.0,0.6947018422918345,1.0,2.0,0.6244864420706656,3.0,0.0,1,3,2.0,3.0,0
408,0.0,0.4525663304345187,3.0,0.0,0.0045193097781429745,0.0,1.0,2,0,1.0,4.0,0
409,0.0,0.743817345723662,0.0,2.0,0.9354971240755957,2.0,0.0,3,2,3.0,3.0,1
410,0.0,0.44470708499535927,0.0,0.0,0.1589975349219392,0.0,0.0,1,2,1.0,2.0,0
411,0.0,0.4994636526718389,0.0,1.0,0.1655710764174199,0.0,0.0,3,2,1.0,3.0,0
412,0.0,0.6864123461899474,0.0,2.0,0.9338537387017256,2.0,0.0,3,2,2.0,3.0,1
413,0.0,0.6099615839861527,0.0,1.0,0.4889071487263763,0.0,1.0,1,3,3.0,2.0,0
414,0.0,0.299091138476626,1.0,0.0,0.00534100246507806,0.0,0.0,2,3,1.0,4.0,0
415,0.0,0.722218762454731,0.0,2.0,0.6536565324568612,1.0,0.0,1,2,2.0,1.0,0
416,0.0,0.6626242651040243,0.0,2.0,0.528759244042728,0.0,0.0,1,4,1.0,2.0,0
417,0.0,0.8099325308961532,0.0,2.0,0.8434675431388661,2.0,0.0,2,0,2.0,1.0,1
418,0.0,0.24371309762065074,1.0,0.0,0.016433853738701723,0.0,1.0,3,4,1.0,2.0,0
419,0.0,0.5938606480742981,0.0,2.0,0.524239934264585,0.0,0.0,3,4,1.0,2.0,0
420,0.0,0.7058596761452398,0.0,1.0,0.8726376335250616,1.0,0.0,3,2,1.0,1.0,1
421,0.0,0.6138434010765406,1.0,1.0,0.37880032867707475,0.0,0.0,1,4,2.0,1.0,0
422,0.0,0.7376982251870902,0.0,1.0,0.2970419063270337,3.0,0.0,1,4,2.0,1.0,1
423,0.0,0.3359301563319562,2.0,0.0,0.0036976170912078883,0.0,1.0,0,2,1.0,4.0,0
424,0.0,0.7068349109807559,0.0,1.0,0.7181594083812655,0.0,0.0,0,3,1.0,1.0,0
425,0.0,0.6107838408082547,0.0,3.0,0.8496302382908792,0.0,1.0,0,2,2.0,1.0,0
426,0.0,0.3247149557235206,1.0,0.0,0.04437140509449466,0.0,1.0,3,2,3.0,1.0,0
427,0.0,0.31875837432620147,2.0,0.0,0.0045193097781429745,0.0,1.0,3,2,2.0,1.0,0
428,0.0,0.6083361925936259,0.0,3.0,0.5587510271158587,0.0,0.0,1,2,1.0,2.0,0
429,0.0,0.7550994742129664,0.0,2.0,0.5390304026294166,2.0,0.0,1,4,3.0,1.0,1
430,0.0,0.5736293058002574,0.0,2.0,0.6302382908792112,0.0,0.0,2,3,2.0,1.0,0
431,0.0,0.6638480892113386,0.0,1.0,0.46055875102711585,0.0,0.0,2,2,0.0,4.0,0
432,0.0,0.5455769625904109,2.0,0.0,0.049301561216105176,0.0,0.0,1,3,2.0,3.0,0
433,0.0,0.6289021742720103,0.0,2.0,0.5456039441248973,1.0,0.0,0,3,2.0,2.0,0
434,0.0,0.5693841659280107,1.0,1.0,0.11216105176663928,0.0,0.0,3,4,2.0,3.0,0
435,0.0,0.6103249067680118,0.0,1.0,0.4457682826622843,0.0,0.0,3,2,2.0,4.0,0
436,0.0,0.31000038305823296,2.0,0.0,0.006984387838948232,0.0,1.0,1,0,1.0,2.0,0
437,0.0,0.7708562095946389,0.0,1.0,0.565735414954807,0.0,0.0,2,0,2.0,4.0,0
438,0.0,0.6684413104091796,1.0,0.0,0.01314708299096138,0.0,1.0,3,2,1.0,2.0,0
439,0.0,0.22466733495057084,1.0,0.0,0.004108463434675431,0.0,1.0,3,2,1.0,3.0,0
440,0.0,0.5815459179944472,1.0,2.0,0.3134757600657354,0.0,0.0,1,2,1.0,4.0,0
441,0.0,0.5585992159823028,0.0,2.0,0.4506984387838948,0.0,0.0,4,2,3.0,3.0,0
442,0.0,0.7485405418878284,0.0,1.0,0.3044371405094495,0.0,0.0,3,3,2.0,1.0,0
443,0.0,0.3052771868940666,0.0,0.0,0.024650780608052588,0.0,1.0,1,2,1.0,2.0,0
444,0.0,0.5527191235916908,1.0,2.0,0.3364831552999178,0.0,0.0,1,4,2.0,4.0,0
445,0.0,0.24320635795121587,0.0,0.0,0.009038619556285949,0.0,0.0,2,4,1.0,4.0,0
446,0.0,0.5544114428650865,1.0,1.0,0.6598192276088743,0.0,0.0,3,3,3.0,2.0,0
447,0.0,0.2201736058065259,1.0,0.0,0.008216926869350862,0.0,1.0,1,3,1.0,3.0,0
448,0.0,0.6925792723557112,1.0,2.0,0.395645028759244,0.0,0.0,3,2,1.0,3.0,0
449,0.0,0.7214443112618212,0.0,1.0,0.5032867707477404,0.0,0.0,2,2,2.0,3.0,0
450,0.0,0.5400601929816577,1.0,2.0,0.4038619556285949,0.0,0.0,3,3,1.0,3.0,0
451,0.0,0.5873686436300289,0.0,1.0,0.39482333607230896,0.0,0.0,2,2,2.0,4.0,0
452,0.0,0.13450591829452002,0.0,0.0,0.03245686113393591,0.0,1.0,1,2,1.0,2.0,0
453,0.0,0.4095030196583943,1.0,0.0,0.006162695152013146,0.0,1.0,2,2,1.0,3.0,0
454,0.0,0.6509118859519922,0.0,1.0,0.40057518488085453,0.0,0.0,1,2,2.0,2.0,0
455,0.0,0.3587812470857167,1.0,0.0,0.038619556285949055,0.0,1.0,3,3,1.0,2.0,0
456,0.0,0.7048270745546933,0.0,1.0,0.741988496302383,0.0,0.0,0,3,2.0,1.0,0
457,0.0,0.17484430820670227,0.0,0.0,0.012736236647493836,0.0,1.0,1,0,1.0,4.0,0
458,0.0,0.728462177627202,0.0,2.0,0.614215283483977,2.0,0.0,1,4,2.0,4.0,0
459,0.0,0.7407195409520225,0.0,2.0,0.7460969597370584,1.0,0.0,1,4,1.0,2.0,0
460,0.0,0.38552371605570335,0.0,1.0,0.12695152013147082,1.0,1.0,2,3,2.0,2.0,1
461,0.0,0.8422778196074384,0.0,2.0,0.7280197206244865,2.0,0.0,1,2,1.0,3.0,0
462,0.0,0.36009112132557664,0.0,0.0,0.04889071487263763,0.0,0.0,1,2,2.0,4.0,0
463,0.0,0.5811156673317196,1.0,1.0,0.18693508627773212,0.0,0.0,3,4,1.0,4.0,0
464,0.0,0.6953041932196533,0.0,1.0,0.4695973705834018,1.0,0.0,1,2,1.0,4.0,0
465,0.0,0.3346107209662579,1.0,0.0,0.036565324568611335,0.0,1.0,2,3,2.0,2.0,0
466,0.0,0.26156371956093144,0.0,0.0,0.03574363188167625,1.0,1.0,2,0,2.0,4.0,0
467,0.0,0.44248890380085193,0.0,1.0,0.06203779786359902,0.0,0.0,2,4,3.0,3.0,0
468,0.0,0.10419714938681256,0.0,0.0,0.0045193097781429745,0.0,1.0,1,2,2.0,3.0,0
469,0.0,0.10518194534816709,1.0,0.0,0.012325390304026292,0.0,1.0,2,1,1.0,2.0,0
470,0.0,0.8382430245036364,0.0,2.0,0.462202136400986,2.0,0.0,1,2,1.0,3.0,0
471,0.0,0.4514094342080731,1.0,0.0,0.04642563681183237,1.0,0.0,2,2,2.0,4.0,0
472,0.0,0.39031384010073855,1.0,0.0,0.009038619556285949,0.0,1.0,4,2,2.0,3.0,0
473,0.0,0.6006203640420423,1.0,2.0,0.24650780608052586,0.0,0.0,4,4,3.0,2.0,0
474,0.0,0.2744329949394091,1.0,0.0,0.0267050123253903,0.0,0.0,3,3,2.0,4.0,0
475,0.0,0.7416182867808315,0.0,2.0,0.5957271980279376,1.0,0.0,3,2,2.0,4.0,0
476,0.0,0.6638480892113386,0.0,1.0,0.46055875102711585,0.0,0.0,2,2,0.0,4.0,0
477,0.0,0.5558169283633303,1.0,1.0,0.1257189811010682,0.0,1.0,3,2,1.0,4.0,0
478,0.0,0.25831293677587763,1.0,0.0,0.02629416598192276,0.0,0.0,2,0,1.0,4.0,0
479,0.0,0.2746337785820154,1.0,0.0,0.047658175842235,0.0,0.0,1,3,2.0,3.0,0
480,0.0,0.6277261557938879,0.0,1.0,0.514379622021364,0.0,0.0,2,2,0.0,3.0,0
481,0.0,0.35477513535942984,2.0,0.0,0.01972062448644207,0.0,0.0,2,2,1.0,3.0,0
482,0.0,0.14969854725172732,1.0,0.0,0.0078060805258833195,0.0,0.0,2,2,1.0,4.0,0
484,0.0,0.34970773866508126,2.0,0.0,0.01068200493015612,0.0,1.0,0,4,2.0,1.0,0
485,0.0,0.6145700466402585,1.0,1.0,0.09079704190632702,0.0,0.0,1,2,2.0,4.0,0
486,0.0,0.5925412127085998,0.0,2.0,0.42193919474116676,0.0,0.0,1,3,3.0,3.0,0
487,0.0,0.3833246571128729,0.0,2.0,0.4170090386195563,1.0,1.0,3,4,1.0,1.0,1
488,0.0,0.4110232386666989,1.0,1.0,0.05258833196384552,0.0,1.0,1,2,1.0,3.0,0
489,0.0,0.307667468353665,0.0,1.0,0.12736236647493837,0.0,1.0,1,2,1.0,1.0,0
490,0.0,0.5048885885008451,1.0,0.0,0.03697617091207888,0.0,0.0,0,2,2.0,4.0,0
491,0.0,0.5612667700912146,0.0,2.0,0.49671322925225964,1.0,1.0,1,0,2.0,4.0,0
492,0.0,0.6289499799012023,0.0,1.0,0.7485620377978636,0.0,1.0,1,4,1.0,1.0,0
493,0.0,0.4479961122837666,1.0,1.0,0.047658175842235,1.0,1.0,3,4,2.0,3.0,0
494,0.0,0.2092930446024341,2.0,0.0,0.002054231717337716,0.0,1.0,1,2,1.0,4.0,0
495,0.0,0.4852558196759862,0.0,2.0,0.2777321281840591,1.0,1.0,0,4,3.0,3.0,0
496,0.0,0.7221900790772159,0.0,2.0,0.5645028759244043,1.0,0.0,1,2,2.0,3.0,0
497,0.0,0.5442766494763893,0.0,2.0,0.5394412489728841,0.0,0.0,0,3,1.0,3.0,0
498,0.0,0.662155769937943,0.0,2.0,0.8405916187345933,1.0,0.0,2,0,1.0,3.0,0
499,0.0,0.3660094582195422,2.0,0.0,0.005751848808545602,0.0,1.0,1,3,2.0,4.0,0
500,0.0,0.7419338039334985,0.0,1.0,0.3976992604765817,0.0,0.0,0,2,3.0,3.0,0
501,0.0,0.3617165127181035,1.0,0.0,0.0209531635168447,0.0,0.0,1,2,1.0,4.0,0
502,0.0,0.17155528091829486,1.0,0.0,0.008216926869350862,0.0,1.0,2,2,2.0,3.0,0
503,0.0,0.7621460239558624,0.0,2.0,0.5624486442070666,0.0,0.0,2,2,2.0,2.0,0
504,0.0,0.7396773782356376,0.0,1.0,0.3681183237469186,1.0,0.0,1,2,2.0,4.0,0
505,0.0,0.5481010998117467,0.0,1.0,0.5246507806080526,0.0,0.0,1,2,2.0,3.0,0
506,0.0,0.7727493125106408,0.0,1.0,0.7325390304026295,4.0,0.0,0,2,2.0,4.0,1
507,0.0,0.5186910767328483,0.0,2.0,0.3545603944124897,0.0,1.0,1,2,2.0,2.0,0
508,0.0,0.34985115555265717,2.0,0.0,0.004108463434675431,0.0,1.0,3,2,2.0,2.0,0
509,0.0,0.7761339510574321,0.0,2.0,0.2974527526705012,2.0,0.0,2,2,1.0,2.0,1
510,0.0,0.24124632715434519,0.0,0.0,0.025883319638455218,0.0,1.0,1,2,1.0,3.0,0
511,0.0,0.707179111510938,0.0,2.0,0.36524239934264585,0.0,0.0,0,4,2.0,1.0,0
512,0.0,0.7275156261692011,0.0,2.0,0.719391947411668,3.0,1.0,1,2,2.0,2.0,1
513,0.0,0.7826450777533781,0.0,1.0,0.5193097781429745,0.0,0.0,1,2,2.0,2.0,0
514,0.0,0.28648001349578495,0.0,0.0,0.006984387838948232,0.0,0.0,2,2,0.0,4.0,0
515,0.0,0.13914306432614088,1.0,0.0,0.01068200493015612,0.0,1.0,3,0,1.0,3.0,0
516,0.0,0.7197902364917791,0.0,1.0,0.5591618734593262,0.0,0.0,3,2,1.0,3.0,0
517,0.0,0.7346482260446426,0.0,1.0,0.45110928512736237,1.0,0.0,2,0,1.0,2.0,0
518,0.0,0.6505772465476485,0.0,1.0,0.6199671322925226,1.0,0.0,1,2,2.0,4.0,0
519,0.0,0.3457207491904712,0.0,1.0,0.0866885784716516,0.0,0.0,2,3,1.0,3.0,0
520,0.0,0.28412797653954014,3.0,0.0,0.0008216926869350862,0.0,1.0,3,4,1.0,4.0,0
521,0.0,0.3834298294970952,2.0,0.0,0.01437962202136401,0.0,1.0,3,2,1.0,1.0,0
522,0.0,0.6063666006709169,0.0,2.0,0.6774856203779787,0.0,0.0,2,2,2.0,1.0,0
523,0.0,0.5261583160126336,1.0,0.0,0.03327855382087099,0.0,0.0,1,4,2.0,3.0,0
524,0.0,0.652049659926761,1.0,3.0,0.44741166803615445,0.0,0.0,3,4,3.0,3.0,0
525,0.0,0.6358722350081992,0.0,1.0,0.3167625308134757,0.0,0.0,3,2,2.0,3.0,0
526,0.0,0.5514283716035077,1.0,1.0,0.1610517666392769,0.0,0.0,2,2,2.0,3.0,0
527,0.0,0.6231654987689742,0.0,1.0,0.5086277732128185,0.0,0.0,3,4,1.0,3.0,0
528,0.0,0.19647157485314837,1.0,0.0,0.01314708299096138,0.0,0.0,1,2,1.0,3.0,0
529,0.0,0.631273333479932,1.0,1.0,0.39194741166803615,0.0,0.0,1,2,2.0,3.0,0
530,0.0,0.7813256423876798,0.0,1.0,0.3040262941659819,1.0,0.0,1,4,1.0,2.0,0
532,0.0,0.8252303322375828,0.0,1.0,0.44617912900575185,4.0,0.0,2,3,1.0,2.0,1
533,0.0,0.0,0.0,0.0,0.0,0.0,2.0,0,2,2.0,4.0,0
534,0.0,0.850261359682497,0.0,2.0,0.9626129827444536,3.0,0.0,2,2,2.0,4.0,1
535,0.0,0.8168930305065036,0.0,1.0,0.7115858668857847,1.0,0.0,3,2,1.0,4.0,0
536,0.0,0.7429950889015602,0.0,2.0,0.6902218570254725,1.0,0.0,4,4,2.0,4.0,0
537,0.0,0.8979426942385655,0.0,1.0,0.8225143796220213,1.0,0.0,2,3,2.0,4.0,0
538,0.0,0.8384629303979194,0.0,2.0,0.5164338537387018,0.0,0.0,3,0,2.0,4.0,0
539,0.0,0.7550229852062592,0.0,1.0,0.7625308134757601,3.0,0.0,0,2,1.0,3.0,1
540,0.0,0.7550229852062592,0.0,1.0,0.7625308134757601,3.0,0.0,0,2,1.0,3.0,1
541,0.0,0.8314259417808618,0.0,2.0,0.6125718981101068,0.0,0.0,3,4,1.0,3.0,0
543,0.0,0.9619448706007716,0.0,3.0,0.7058340180772391,2.0,0.0,3,2,2.0,2.0,1
544,0.0,0.8213389540213567,0.0,1.0,0.40221857025472474,2.0,0.0,1,2,2.0,4.0,0
545,1.0,0.12264056112907364,1.0,0.0,0.002054231717337716,0.0,1.0,1,2,1.0,2.0,0
546,0.0,0.4565724421608056,1.0,1.0,0.40427280197206245,0.0,1.0,2,4,1.0,1.0,0
547,0.0,0.5945586102605008,1.0,1.0,0.40550534100246505,0.0,0.0,4,2,3.0,2.0,0
548,0.0,0.7610560556102856,0.0,1.0,0.21240755957271978,4.0,0.0,3,4,2.0,2.0,1
549,0.0,0.30795430212881675,2.0,2.0,0.17543138866064092,0.0,1.0,2,2,2.0,2.0,0
550,0.0,0.3007547743725065,1.0,1.0,0.052177485620377974,0.0,1.0,3,2,2.0,2.0,0
551,0.0,0.6875596812905546,0.0,2.0,0.4724732949876746,0.0,0.0,0,2,2.0,2.0,0
553,0.0,0.264641308430934,0.0,1.0,0.07395234182415776,0.0,0.0,2,4,2.0,3.0,0
554,0.0,0.1488093625487567,1.0,0.0,0.0209531635168447,0.0,0.0,1,1,1.0,1.0,0
555,0.0,0.5578916926702617,0.0,1.0,0.4794576828266228,0.0,0.0,1,2,1.0,1.0,0
556,0.0,0.5159183502397141,1.0,2.0,0.29663105998356615,0.0,0.0,3,0,2.0,3.0,0
557,0.0,0.1066352364756029,2.0,1.0,0.01314708299096138,0.0,0.0,2,1,1.0,2.0,0
558,0.0,0.5290935816450204,3.0,0.0,0.004930156121610517,0.0,0.0,2,2,1.0,3.0,0
