,Survived,Pclass,SibSp,Parch,Sex_cat,Embarked_cat,Title_cat,Is_Alone,Fare_min_max,Age_norm
0,0,3,1,0,1,2,2,0,0.014151035465422675,-0.5178381285988378
1,1,1,1,0,0,0,3,0,0.13912907696211424,0.6157989662226336
2,1,3,0,0,0,2,1,1,0.015478304998731283,-0.23442885489346996
3,1,1,1,0,0,2,3,0,0.10364413561571642,0.40324201094360773
4,0,3,0,0,1,2,2,1,0.01571252903402104,0.40324201094360773
5,0,3,0,0,1,1,2,1,0.016512794487927702,-0.6771640119511485
6,0,1,0,0,1,2,2,1,0.10122382058438896,1.749436061044105
7,0,3,3,1,1,2,0,0,0.041145355532566895,-1.9348844971256771
8,1,3,0,2,0,2,3,0,0.021724279273124744,-0.16357653646712797
9,1,2,1,0,0,0,3,0,0.05869263950969101,-1.0846566760095735
10,1,3,1,1,0,2,1,0,0.03259617824449085,-1.7931798602729931
11,1,1,0,0,0,2,1,1,0.05182206780785821,2.032845334749473
12,0,3,0,0,1,2,2,1,0.01571252903402104,-0.6595427654515218
13,0,3,1,5,1,2,2,0,0.06105439853219604,0.6866512846489756
14,0,3,0,0,0,2,1,1,0.015322155641871447,-1.0846566760095735
15,1,2,0,0,0,2,3,1,0.031229871371967283,1.820288379470447
16,0,3,4,1,1,1,0,0,0.056857884566587934,-1.9348844971256771
17,1,2,0,0,1,2,2,1,0.02537427048972342,-0.021871899614444048
18,0,3,1,0,0,2,3,0,0.035133605293463196,0.11983273723823988
19,1,3,0,0,0,0,3,1,0.014111998126207717,0.46047936486570007
20,0,2,0,0,1,2,2,1,0.05074854097944684,0.40324201094360773
21,1,2,0,0,1,2,2,1,0.02537427048972342,0.3323896925172658
22,1,3,0,0,0,1,1,1,0.01567349169480608,-1.0138043575832316
23,1,1,0,0,1,2,2,1,0.0692912771065524,-0.09272421804078601
24,0,3,3,1,0,2,1,0,0.041145355532566895,-1.5097705865676254
25,1,3,1,5,0,2,3,0,0.06126910389787831,0.6157989662226336
26,0,3,0,0,1,0,2,1,0.014111998126207717,-1.6333338837059659
27,0,1,3,2,1,2,2,0,0.5133410106767122,-0.7303950838778637
28,1,3,0,0,0,1,1,1,0.015380711650693886,-0.1935522011204638
29,0,3,0,0,1,2,2,1,0.015419748989908846,-0.45471327860436656
30,0,1,0,0,1,0,4,1,0.05410575215193331,0.7575036030753176
31,1,1,1,0,0,0,3,0,0.28598754708879043,0.5449466477962916
32,1,3,0,0,0,1,1,1,0.015126968945796652,-2.076589133978361
33,0,2,0,0,1,2,2,1,0.02049460308785353,2.599663882160209
34,0,1,1,0,1,0,2,0,0.16038490816465947,-0.09272421804078601
35,0,1,1,0,1,2,2,0,0.10149708195889368,0.8992082399280015
36,1,3,0,0,1,0,2,1,0.014111998126207717,-0.47394629135663535
37,0,3,0,0,1,2,2,1,0.01571252903402104,-0.5886904470251798
38,0,3,2,0,0,2,1,0,0.035133605293463196,-0.8012474023042057
39,1,3,1,0,0,0,1,0,0.021938984638807016,-1.0846566760095735
40,0,3,1,0,0,2,3,0,0.018503698787890616,0.7575036030753176
41,0,2,1,0,0,2,3,0,0.04098920617570706,-0.16357653646712797
42,0,3,0,0,1,0,2,1,0.015419748989908846,0.19656428114583097
43,1,2,1,2,0,0,1,0,0.08115862822789997,-1.8640321786993352
44,1,3,0,0,0,1,1,1,0.015380711650693886,-0.7303950838778637
45,0,3,0,0,1,2,2,1,0.01571252903402104,-1.3244629128993533
46,0,3,1,0,1,1,2,0,0.030253937891593304,1.3450859778830695
47,1,3,0,0,0,1,1,1,0.015126968945796652,-0.9480376244381798
48,0,3,2,0,1,0,2,0,0.042316475709015665,-0.4507529167050845
49,0,3,1,0,0,2,3,0,0.034743231901313607,-0.8012474023042057
50,0,3,4,1,1,2,0,0,0.07746959967208633,-1.5806229049939673
51,0,3,0,0,1,2,2,1,0.01522456229383405,-0.5886904470251798
52,1,1,1,0,0,0,3,0,0.1497667518981906,1.3951744689123953
53,1,2,1,0,0,2,3,0,0.05074854097944684,-0.021871899614444048
54,0,1,0,1,1,0,2,0,0.12097671422715825,2.528811563733867
55,1,1,0,0,1,2,2,1,0.0692912771065524,0.5449466477962916
56,1,2,0,0,0,2,1,1,0.02049460308785353,-0.5886904470251798
57,0,3,0,0,1,0,2,1,0.014111998126207717,-0.05729805882761503
58,1,2,1,2,0,2,1,0,0.05416430816075576,-1.7223275418466513
59,0,3,5,2,1,2,0,0,0.09154256045907909,-1.2972136312885993
60,0,3,0,0,1,0,2,1,0.014111998126207717,-0.5178381285988378
61,1,1,0,0,0,2,1,1,0.1561493568598364,0.6157989662226336
62,0,1,1,0,1,2,2,0,0.1629418538832393,1.1117651952070273
63,0,3,3,2,1,2,0,0,0.05445708820486795,-1.7931798602729931
64,0,1,0,0,1,0,2,1,0.05410575215193331,0.5449466477962916
65,1,3,1,1,1,0,0,0,0.029765971151406317,-0.6154465086428115
66,1,2,0,0,0,2,3,1,0.02049460308785353,-0.021871899614444048
67,0,3,0,0,1,2,2,1,0.015927234399703314,-0.7303950838778637
68,1,3,4,2,0,2,1,0,0.015478304998731283,-0.8720997207305476
69,0,3,2,0,1,2,2,0,0.016903167880077292,-0.23442885489346996
70,0,2,0,0,1,2,2,1,0.02049460308785353,0.19068505566458185
71,0,3,5,2,0,2,1,0,0.09154256045907909,-0.9429520391568896
72,0,2,0,0,1,2,2,1,0.1434622216149747,-0.5886904470251798
73,0,3,1,0,1,0,2,0,0.02820447758280795,-0.23442885489346996
74,1,3,0,0,1,2,2,1,0.11028048328225946,0.19068505566458185
75,0,3,0,0,1,2,2,1,0.014931782249721857,-0.3052811733198119
76,0,3,0,0,1,2,2,1,0.015419748989908846,-1.6372531450255567
77,0,3,0,0,1,2,2,1,0.01571252903402104,-0.6107985958455202
78,1,2,0,2,1,2,0,0,0.0566041418616907,-2.017781709684497
79,1,3,0,0,0,2,1,1,0.02435929967013448,0.04898041881189792
80,0,3,0,0,1,2,2,1,0.017566802646731598,-0.5178381285988378
81,1,3,0,0,1,2,2,1,0.018542736127105573,-0.021871899614444048
82,1,3,0,0,0,1,1,1,0.015205043624226571,-0.05356409063287749
83,0,1,0,0,1,2,2,1,0.0919329338512287,-0.09272421804078601
84,1,2,0,0,0,2,1,1,0.02049460308785353,-0.8720997207305476
85,1,3,3,0,0,2,3,0,0.03093709132785509,0.2615373740909238
86,0,3,1,3,1,2,2,0,0.0671051861105147,-0.9429520391568896
87,0,3,0,0,1,2,2,1,0.01571252903402104,1.4430510341661864
88,1,1,3,2,0,2,1,0,0.5133410106767122,-0.44698581017249583
89,0,3,0,0,1,2,2,1,0.01571252903402104,-0.3761334917461539
90,0,3,0,0,1,2,2,1,0.01571252903402104,-0.021871899614444048
91,0,3,0,0,1,2,2,1,0.015322155641871447,-0.6595427654515218
92,0,1,1,0,1,2,2,0,0.1194152206585599,1.1826175136333694
93,0,3,1,2,1,2,2,0,0.04016942205219291,-0.23442885489346996
94,0,3,0,0,1,2,2,1,0.014151035465422675,2.103697653175815
95,0,3,0,0,1,2,2,1,0.01571252903402104,-1.2860079516928613
96,0,1,0,0,1,0,2,1,0.06763219018991665,2.953925474291919
97,1,1,0,1,1,0,2,0,0.12367029063299044,-0.44698581017249583
98,1,2,0,1,0,2,3,0,0.04489294009720297,0.3323896925172658
99,0,2,1,0,1,2,2,0,0.05074854097944684,0.3323896925172658
100,0,3,0,0,0,2,1,1,0.015419748989908846,-0.09272421804078601
101,0,3,0,0,1,2,2,1,0.015419748989908846,-1.7013475325480412
102,0,1,0,1,1,2,2,0,0.15085979739620947,-0.5886904470251798
103,0,3,0,0,1,2,2,1,0.016883649210469812,0.2615373740909238
104,0,3,2,0,1,2,2,0,0.015478304998731283,0.5449466477962916
105,0,3,0,0,1,2,2,1,0.015419748989908846,-0.09272421804078601
106,1,3,0,0,0,2,1,1,0.014931782249721857,-0.5886904470251798
107,1,3,0,0,1,2,2,1,0.015185524954619091,-2.076589133978361
108,0,3,0,0,1,2,2,1,0.015419748989908846,0.6157989662226336
109,1,3,1,0,0,1,1,0,0.047137587102063117,-1.7830564787489631
110,0,1,0,0,1,2,2,1,0.10149708195889368,1.2534698320597113
111,0,3,1,0,0,0,1,0,0.02820447758280795,-1.0492305167964024
112,0,3,0,0,1,2,2,1,0.01571252903402104,-0.5178381285988378
113,0,3,1,0,0,2,1,0,0.0191868522241524,-0.6595427654515218
114,0,3,0,0,0,0,1,1,0.028223996252415433,-0.8720997207305476
115,0,3,0,0,1,2,2,1,0.015478304998731283,-0.5886904470251798
116,0,3,0,0,1,1,2,1,0.015126968945796652,2.9184993150787477
117,0,2,1,0,1,2,2,0,0.04098920617570706,-0.021871899614444048
118,0,1,0,1,1,0,2,0,0.4831261101243339,-0.3761334917461539
119,0,3,4,2,0,2,1,0,0.06105439853219604,-1.9348844971256771
120,0,2,2,0,1,2,2,0,0.1434622216149747,-0.5886904470251798
121,0,3,0,0,1,2,2,1,0.01571252903402104,-0.7732004397857735
122,0,2,1,0,1,0,2,0,0.05869263950969101,0.22611121487775285
123,1,2,0,0,0,2,1,1,0.02537427048972342,0.22611121487775285
124,0,1,0,1,1,2,2,0,0.15085979739620947,1.749436061044105
125,1,3,1,0,1,0,0,0,0.021938984638807016,-1.2263613128622575
126,0,3,0,0,1,1,2,1,0.015126968945796652,0.04762762628538226
127,1,3,0,0,1,2,2,1,0.013936330099740398,-0.3761334917461539
128,1,3,1,1,0,0,1,0,0.043643745242324276,0.1174299147696923
129,0,3,0,0,1,2,2,1,0.013624031386020728,1.1117651952070273
130,0,3,0,0,1,0,2,1,0.015419748989908846,0.2615373740909238
131,0,3,0,0,1,2,2,1,0.013760662073273084,-0.6595427654515218
132,0,3,1,0,0,2,3,0,0.02830207093084535,1.2534698320597113
133,1,2,1,0,0,2,3,0,0.05074854097944684,-0.021871899614444048
134,0,2,0,0,1,2,2,1,0.02537427048972342,-0.3052811733198119
135,0,2,0,0,1,0,2,1,0.029375597759256727,-0.44698581017249583
136,1,1,0,2,0,2,1,0,0.05129506372845626,-0.7303950838778637
137,0,1,1,0,1,2,2,0,0.10364413561571642,0.5449466477962916
138,0,3,0,0,1,2,2,1,0.01799621337809615,-0.9429520391568896
139,0,1,0,0,1,0,2,1,0.15458786329123805,-0.3761334917461539
140,0,3,0,2,0,0,3,0,0.029765971151406317,0.5577036750386571
141,1,3,0,0,0,2,1,1,0.015126968945796652,-0.5178381285988378
142,1,3,1,0,0,2,3,0,0.03093709132785509,-0.3761334917461539
143,0,3,0,0,1,1,2,1,0.013175101985048697,-0.7303950838778637
144,0,2,0,0,1,2,2,1,0.022446470048601484,-0.8012474023042057
145,0,2,1,1,1,2,2,0,0.07173111080748736,-0.7303950838778637
146,1,3,0,0,1,2,2,1,0.01522456229383405,-0.16357653646712797
147,0,3,2,2,0,2,1,0,0.0671051861105147,-1.4389182681412833
148,0,2,0,2,1,2,2,0,0.05074854097944684,0.5095204885831207
149,0,2,0,0,1,2,4,1,0.02537427048972342,0.8992082399280015
150,0,2,0,0,1,2,4,1,0.024456893018171878,1.5368791057650792
151,1,1,1,0,0,2,3,0,0.1299943395858138,-0.5178381285988378
152,0,3,0,0,1,2,2,1,0.01571252903402104,1.855714538683618
153,0,3,0,2,1,2,2,0,0.02830207093084535,0.7929297622884885
154,0,3,0,0,1,2,2,1,0.014268147483067551,-1.1479773667718376
155,0,1,0,1,1,0,2,0,0.1198055940507095,1.5368791057650792
156,1,3,0,0,0,1,1,1,0.015087931606581693,-0.9429520391568896
157,0,3,0,0,1,2,2,1,0.01571252903402104,0.04898041881189792
158,0,3,0,0,1,2,2,1,0.016903167880077292,0.0939031551616339
159,0,3,8,2,1,2,0,0,0.13575234712002027,0.20564843189649834
160,0,3,0,1,1,2,2,0,0.03142505806804208,1.0409128767806854
161,1,2,0,0,0,2,3,1,0.030741904631780295,0.7575036030753176
162,0,3,0,0,1,2,2,1,0.015185524954619091,-0.23442885489346996
163,0,3,0,0,1,2,2,1,0.016903167880077292,-0.8720997207305476
164,0,3,4,1,1,2,0,0,0.07746959967208633,-2.005736815552019
165,1,3,0,2,1,2,0,0,0.04007182870415552,-1.4389182681412833
166,1,1,0,1,0,2,3,0,0.10735268284113754,0.5449466477962916
167,0,3,1,4,0,2,3,0,0.05445708820486795,1.1117651952070273
168,0,1,0,0,1,2,2,1,0.05061191029219448,0.5449466477962916
169,0,3,0,0,1,2,2,1,0.11028048328225946,-0.09272421804078601
170,0,1,0,0,1,2,2,1,0.0653875431850565,2.245402290028499
171,0,3,4,1,1,1,0,0,0.056857884566587934,-1.7931798602729931
172,1,3,1,1,0,2,1,0,0.021724279273124744,-2.005736815552019
173,0,3,0,0,1,2,2,1,0.015478304998731283,-0.5886904470251798
174,0,1,0,0,1,0,2,1,0.059922315694962223,1.891140697896789
175,0,3,1,1,1,2,2,0,0.015322155641871447,-0.8012474023042057
176,0,3,3,1,1,2,0,0,0.04971405149025042,0.37297128606132424
177,0,1,0,0,0,0,1,1,0.05603810044307379,1.4660267873387371
178,0,2,0,0,1,2,2,1,0.02537427048972342,0.04898041881189792
179,0,3,0,0,1,2,2,1,0.0,0.4740943293699497
180,0,3,8,2,0,2,1,0,0.13575234712002027,-0.05489303639458028
181,0,2,0,0,1,0,2,1,0.029375597759256727,-0.021871899614444048
182,0,3,4,2,1,2,0,0,0.06126910389787831,-1.4389182681412833
183,1,2,2,1,1,2,0,0,0.07612281146917026,-2.005736815552019
184,1,3,0,2,0,2,1,0,0.042999629145277454,-1.7931798602729931
185,0,1,0,0,1,2,2,1,0.09759334803739776,0.5449466477962916
186,1,3,1,0,0,1,3,0,0.030253937891593304,-0.7199842121282917
187,1,1,0,0,1,2,2,1,0.05182206780785821,1.1117651952070273
188,0,3,1,1,1,1,2,0,0.030253937891593304,0.7575036030753176
189,0,3,0,0,1,2,2,1,0.015419748989908846,0.4740943293699497
190,1,2,0,0,0,2,3,1,0.02537427048972342,0.19068505566458185
191,0,2,0,0,1,2,2,1,0.02537427048972342,-0.7303950838778637
192,1,3,1,0,0,2,1,0,0.015322155641871447,-0.7303950838778637
193,1,2,1,1,1,2,0,0,0.05074854097944684,-1.8640321786993352
194,1,1,0,0,0,0,3,1,0.05410575215193331,1.0409128767806854
195,1,1,0,0,0,0,1,1,0.28598754708879043,2.032845334749473
196,0,3,0,0,1,1,2,1,0.015126968945796652,-0.1016511978020118
197,0,3,0,1,1,2,2,0,0.016395682470282825,0.8992082399280015
198,1,3,0,0,0,1,1,1,0.015126968945796652,0.07232066323431463
199,0,2,0,0,0,2,1,1,0.02537427048972342,-0.3761334917461539
200,0,3,0,0,1,2,2,1,0.018542736127105573,-0.09272421804078601
201,0,3,8,2,1,2,2,0,0.13575234712002027,-1.0197168149273919
202,0,3,0,0,1,2,2,1,0.01268713524486171,0.3323896925172658
203,0,3,0,0,1,0,2,1,0.014111998126207717,1.1471913544201984
204,1,3,0,0,1,2,2,1,0.01571252903402104,-0.8012474023042057
205,0,3,0,1,0,2,1,0,0.020416528409423613,-1.9348844971256771
206,0,3,1,0,1,2,2,0,0.03093709132785509,0.19068505566458185
207,1,3,0,0,1,0,2,1,0.03667558019245407,-0.23442885489346996
208,1,3,0,0,0,1,1,1,0.015126968945796652,-0.9429520391568896
209,1,1,0,0,1,0,2,1,0.06050787578318661,0.7575036030753176
210,0,3,0,0,1,2,2,1,0.013760662073273084,-0.3761334917461539
211,1,2,0,0,0,2,1,1,0.04098920617570706,0.40324201094360773
212,0,3,0,0,1,2,2,1,0.014151035465422675,-0.5178381285988378
213,0,2,0,0,1,2,2,1,0.02537427048972342,0.04898041881189792
214,0,3,1,0,1,1,2,0,0.015126968945796652,-0.6296464667311943
215,1,1,1,0,0,0,1,0,0.22110748931352836,0.11983273723823988
216,1,3,0,0,0,2,1,1,0.015478304998731283,-0.16357653646712797
217,0,2,1,0,1,2,2,0,0.05270040794019479,0.8992082399280015
218,1,1,0,0,0,0,1,1,0.14890793043546152,0.19068505566458185
219,0,2,0,0,1,2,2,1,0.02049460308785353,0.04898041881189792
220,1,3,0,0,1,2,2,1,0.01571252903402104,-0.9429520391568896
221,0,2,0,0,1,2,2,1,0.02537427048972342,-0.16357653646712797
222,0,3,0,0,1,2,2,1,0.01571252903402104,1.5368791057650792
223,0,3,0,0,1,2,2,1,0.015419748989908846,0.9563927557336274
224,1,1,1,0,1,2,2,0,0.17566802646731597,0.6157989662226336
225,0,3,0,0,1,2,2,1,0.01824995608299338,-0.5178381285988378
226,1,2,0,0,1,2,2,1,0.02049460308785353,-0.7303950838778637
227,0,3,0,0,1,2,2,1,0.014151035465422675,-0.6241166062383507
228,0,2,0,0,1,2,2,1,0.02537427048972342,-0.8012474023042057
229,0,3,3,1,0,2,1,0,0.04971405149025042,0.5272411189212809
230,1,1,1,0,0,2,3,0,0.1629418538832393,0.40324201094360773
231,0,3,0,0,1,2,2,1,0.015185524954619091,-0.021871899614444048
232,0,2,0,0,1,2,2,1,0.026350203970097394,2.103697653175815
233,1,3,4,2,0,2,1,0,0.06126910389787831,-1.7223275418466513
234,0,2,0,0,1,2,2,1,0.02049460308785353,-0.3761334917461539
235,0,3,0,0,0,2,1,1,0.01473659555364706,-2.076589133978361
236,0,2,1,0,1,2,2,0,0.05074854097944684,1.0409128767806854
237,1,2,0,2,0,2,1,0,0.051236507719633825,-1.5097705865676254
238,0,2,0,0,1,2,2,1,0.02049460308785353,-0.7303950838778637
239,0,2,0,0,1,2,2,1,0.023968926277984887,0.2615373740909238
240,0,3,1,0,0,0,1,0,0.02820447758280795,0.4675622422857931
241,1,3,1,0,0,1,1,0,0.030253937891593304,-1.902531890159293
242,0,2,0,0,1,2,2,1,0.02049460308785353,-0.021871899614444048
243,0,3,0,0,1,2,2,1,0.01391681143013292,-0.5178381285988378
244,0,3,0,0,1,0,2,1,0.014111998126207717,0.04898041881189792
245,0,1,2,0,1,1,4,0,0.17566802646731597,1.0409128767806854
246,0,3,0,0,0,2,1,1,0.015185524954619091,-0.3052811733198119
247,1,2,0,2,0,2,3,0,0.02830207093084535,-0.3761334917461539
248,1,1,1,1,1,2,2,0,0.10257060878730503,0.5449466477962916
249,0,2,1,0,1,2,4,0,0.05074854097944684,1.749436061044105
250,0,3,0,0,1,2,2,1,0.014151035465422675,0.6787737297509827
251,0,3,1,1,0,2,3,0,0.020416528409423613,-0.021871899614444048
252,0,1,0,0,1,2,2,1,0.05182206780785821,2.316254608454841
253,0,3,1,0,1,2,2,0,0.03142505806804208,0.04898041881189792
254,0,3,0,2,0,2,3,0,0.03944723127671618,0.8283559215016596
255,1,3,0,2,0,0,3,0,0.029765971151406317,-0.021871899614444048
256,1,1,0,0,0,0,3,1,0.15458786329123805,0.5449466477962916
257,1,1,0,0,0,2,1,1,0.16883649210469812,0.04898041881189792
258,1,1,0,0,0,0,1,1,1.0,0.40324201094360773
259,1,2,0,1,0,2,3,0,0.05074854097944684,1.4660267873387371
260,0,3,0,0,1,1,2,1,0.015126968945796652,0.29939280494311094
261,1,3,4,2,1,2,0,0,0.06126910389787831,-1.8640321786993352
262,0,1,1,1,1,2,2,0,0.15546620342357464,1.6077314241914211
263,0,1,0,0,1,2,2,1,0.0,0.7575036030753176
264,0,3,0,0,0,1,1,1,0.015126968945796652,-0.09951004853292293
265,0,2,0,0,1,2,2,1,0.02049460308785353,0.4740943293699497
266,0,3,4,1,1,2,2,0,0.07746959967208633,-0.9429520391568896
267,1,3,1,0,1,2,2,0,0.015185524954619091,-0.3052811733198119
268,1,1,0,1,0,2,3,0,0.2995335037963812,2.032845334749473
269,1,1,0,0,0,2,1,1,0.26473171588624517,0.40324201094360773
270,0,1,0,0,1,2,2,1,0.06050787578318661,0.5449466477962916
271,1,3,0,0,1,2,2,1,0.0,-0.3052811733198119
272,1,2,0,1,0,2,3,0,0.03806140573458513,0.8283559215016596
273,0,1,0,1,1,0,2,0,0.05797044873421427,0.5449466477962916
274,1,3,0,0,0,1,1,1,0.015126968945796652,1.254776212775042
275,1,1,1,0,0,2,1,0,0.15216754825991058,2.387106926881183
276,0,3,0,0,0,2,1,1,0.015126968945796652,1.1117651952070273
277,0,2,0,0,1,2,2,1,0.0,-0.021871899614444048
278,0,3,4,1,1,1,0,0,0.056857884566587934,-1.5806229049939673
279,1,3,1,1,0,2,3,0,0.03952530595514609,0.40324201094360773
280,0,3,0,0,1,1,2,1,0.015126968945796652,2.528811563733867
281,0,3,0,0,1,2,2,1,0.015322155641871447,-0.09272421804078601
282,0,3,0,0,1,2,2,1,0.018542736127105573,-0.9429520391568896
283,1,3,0,0,1,2,2,1,0.01571252903402104,-0.7303950838778637
284,0,1,0,0,1,2,2,1,0.05074854097944684,0.5449466477962916
285,0,3,0,0,1,0,2,1,0.016903167880077292,0.2615373740909238
286,1,3,0,0,1,2,2,1,0.018542736127105573,0.04898041881189792
287,0,3,0,0,1,2,2,1,0.015419748989908846,-0.5178381285988378
288,1,2,0,0,1,2,2,1,0.02537427048972342,0.8992082399280015
289,1,3,0,0,0,1,1,1,0.015126968945796652,-0.5178381285988378
290,1,1,0,0,0,2,1,1,0.15390470985497626,-0.23442885489346996
291,1,1,1,0,0,0,3,0,0.17777604278492376,-0.7303950838778637
292,0,2,0,0,1,0,2,1,0.025140046454433664,0.4740943293699497
293,0,3,0,0,0,2,1,1,0.017274022602619402,-0.3761334917461539
294,0,3,0,0,1,2,2,1,0.015419748989908846,-0.3761334917461539
295,0,1,0,0,1,0,2,1,0.05410575215193331,0.5449466477962916
296,0,3,0,0,1,0,2,1,0.014111998126207717,-0.41155965095932484
297,0,1,1,2,0,2,1,0,0.2958054379013526,-1.9348844971256771
298,1,1,0,0,1,2,2,1,0.059531942302812633,0.5449466477962916
299,1,1,0,1,0,0,3,0,0.4831261101243339,1.4660267873387371
300,1,3,0,0,0,1,1,1,0.015126968945796652,-1.4207756907077895
301,1,3,2,0,1,1,2,0,0.045380906837389955,0.46461535620042077
302,0,3,0,0,1,2,2,1,0.0,-0.7303950838778637
303,1,2,0,0,0,1,1,1,0.024105556965237245,-0.021871899614444048
304,0,3,0,0,1,2,2,1,0.01571252903402104,-0.6236211288903634
305,1,1,1,2,1,2,0,0,0.2958054379013526,-2.011405001026126
306,1,1,0,0,0,0,1,1,0.21642300860773325,0.5449466477962916
307,1,1,1,0,0,0,3,0,0.21255831202545233,-0.8720997207305476
308,0,2,1,0,1,0,2,0,0.046844807057950924,0.04898041881189792
309,1,1,0,0,0,0,1,1,0.11111978607538109,0.04898041881189792
310,1,1,0,0,0,0,1,1,0.16231725645579995,-0.3761334917461539
311,1,1,2,2,0,0,1,0,0.5121308531610484,-0.8012474023042057
312,0,2,1,1,0,2,3,0,0.05074854097944684,-0.23442885489346996
313,0,3,0,0,1,2,2,1,0.015419748989908846,-0.09272421804078601
314,0,2,1,1,1,2,2,0,0.051236507719633825,0.9700605583543435
315,1,3,0,0,0,2,1,1,0.015322155641871447,-0.23442885489346996
316,1,2,1,0,0,2,3,0,0.05074854097944684,-0.3761334917461539
317,0,2,0,0,1,2,4,1,0.027326137450471372,1.749436061044105
318,1,1,0,2,0,2,1,0,0.3218043058185154,0.11983273723823988
319,1,1,1,1,0,0,3,0,0.26252610622059996,0.7575036030753176
320,0,3,0,0,1,2,2,1,0.014151035465422675,-0.5178381285988378
321,0,3,0,0,1,2,2,1,0.015419748989908846,-0.16357653646712797
322,1,2,0,0,0,1,1,1,0.024105556965237245,0.04898041881189792
323,1,2,1,1,0,2,3,0,0.0566041418616907,-0.5178381285988378
324,0,3,8,2,1,2,2,0,0.13575234712002027,-2.076589133978361
325,1,1,0,0,0,0,1,1,0.26473171588624517,0.4740943293699497
326,0,3,0,0,1,2,2,1,0.01217964983506724,2.245402290028499
327,1,2,0,0,0,2,3,1,0.02537427048972342,0.4740943293699497
328,1,3,1,1,0,2,3,0,0.04007182870415552,0.11983273723823988
329,1,1,0,1,0,0,1,0,0.11316924638416644,-0.9429520391568896
330,1,3,2,0,0,1,1,0,0.045380906837389955,-1.6229280260332644
331,0,1,0,0,1,2,2,1,0.05562820838131672,1.1471913544201984
332,0,1,0,1,1,2,2,0,0.2995335037963812,0.6157989662226336
333,0,3,2,0,1,2,2,0,0.035133605293463196,-0.9429520391568896
334,1,1,1,0,0,2,3,0,0.2608670193039642,0.5449466477962916
335,0,3,0,0,1,2,2,1,0.015419748989908846,-0.005778909282346035
336,0,1,1,0,1,2,2,0,0.1299943395858138,-0.021871899614444048
337,1,1,0,0,0,0,1,1,0.26252610622059996,0.8283559215016596
338,1,3,0,0,1,2,2,1,0.01571252903402104,1.1117651952070273
339,0,1,0,0,1,2,2,1,0.0692912771065524,1.1117651952070273
340,1,2,1,1,1,2,0,0,0.05074854097944684,-1.9348844971256771
341,1,1,3,2,0,2,1,0,0.5133410106767122,-0.3761334917461539
342,0,2,0,0,1,2,2,1,0.02537427048972342,-0.09272421804078601
343,0,2,0,0,1,2,2,1,0.02537427048972342,-0.3052811733198119
344,0,2,0,0,1,2,2,1,0.02537427048972342,0.4740943293699497
345,1,2,0,0,0,2,1,1,0.02537427048972342,-0.3761334917461539
346,1,2,0,0,0,2,1,1,0.02537427048972342,0.7575036030753176
347,1,3,1,0,0,2,3,0,0.03142505806804208,3.414732307293156
348,1,3,1,1,1,2,0,0,0.031034684675892488,-1.8640321786993352
349,0,3,0,0,1,2,2,1,0.016903167880077292,0.8992082399280015
350,0,3,0,0,1,2,2,1,0.018015732047703625,-0.44698581017249583
351,0,1,0,0,1,2,2,1,0.06831534362617843,0.5449466477962916
352,0,3,1,1,1,0,2,0,0.014111998126207717,-1.0138043575832316
353,0,3,1,0,1,2,2,0,0.034743231901313607,-0.3052811733198119
354,0,3,0,0,1,0,2,1,0.014111998126207717,0.5234492247050908
355,0,3,0,0,1,2,2,1,0.018542736127105573,-0.09272421804078601
356,1,1,0,1,0,2,1,0,0.10735268284113754,-0.5178381285988378
357,0,2,0,0,0,2,1,1,0.02537427048972342,0.6157989662226336
358,1,3,0,0,0,1,1,1,0.015380711650693886,-2.076589133978361
359,1,3,0,0,0,1,1,1,0.015380711650693886,0.07313862136700346
360,0,3,1,4,1,2,2,0,0.05445708820486795,0.7575036030753176
361,0,2,1,0,1,0,2,0,0.05410575215193331,-0.021871899614444048
362,0,3,0,1,0,0,3,0,0.02820447758280795,1.1117651952070273
363,0,3,0,0,1,2,2,1,0.013760662073273084,0.40324201094360773
364,0,3,1,0,1,1,2,0,0.030253937891593304,-0.23553260577185595
365,0,3,0,0,1,2,2,1,0.014151035465422675,0.04898041881189792
366,1,1,1,0,0,0,3,0,0.14687798879628364,2.174549971602157
367,1,3,0,0,0,0,3,1,0.014111998126207717,-0.0874437449553857
368,1,3,0,0,0,1,1,1,0.015126968945796652,-0.6573239889653185
369,1,1,0,0,0,0,3,1,0.1352643803798333,-0.3761334917461539
370,1,1,1,0,1,0,2,0,0.10821150430386663,-0.3052811733198119
371,0,3,1,0,1,2,2,0,0.01268713524486171,-0.8012474023042057
372,0,3,0,0,1,2,2,1,0.01571252903402104,-0.7303950838778637
373,0,1,0,0,1,0,2,1,0.26473171588624517,-0.5178381285988378
374,0,3,3,1,0,2,1,0,0.041145355532566895,-1.8640321786993352
375,1,1,1,0,0,0,3,0,0.16038490816465947,0.5449466477962916
376,1,3,0,0,0,2,1,1,0.014151035465422675,-0.5178381285988378
377,0,1,0,2,1,0,2,0,0.4128198621981925,-0.16357653646712797
378,0,3,0,0,1,0,2,1,0.007826986512599299,-0.6595427654515218
379,0,3,0,0,1,2,2,1,0.015185524954619091,-0.7303950838778637
380,1,1,0,0,0,0,1,1,0.44410828957898224,0.8992082399280015
381,1,3,0,2,0,0,1,0,0.030722385962172815,-2.005736815552019
382,0,3,0,0,1,2,2,1,0.015478304998731283,0.19068505566458185
383,1,1,1,0,0,2,3,0,0.10149708195889368,0.40324201094360773
384,0,3,0,0,1,2,2,1,0.015419748989908846,0.5558158674449026
385,0,2,0,0,1,2,2,1,0.1434622216149747,-0.8012474023042057
386,0,3,5,2,1,2,0,0,0.09154256045907909,-2.005736815552019
387,1,2,0,0,0,2,1,1,0.02537427048972342,0.4740943293699497
388,0,3,0,0,1,1,2,1,0.015087931606581693,-1.2870936713647307
389,1,2,0,0,0,0,1,1,0.023422403528975462,-0.8720997207305476
390,1,1,1,2,1,2,2,0,0.2342240352897546,0.4740943293699497
391,1,3,0,0,1,2,2,1,0.01522456229383405,-0.5886904470251798
392,0,3,2,0,1,2,2,0,0.015478304998731283,-0.09272421804078601
393,1,1,1,0,0,0,1,0,0.22110748931352836,-0.44698581017249583
394,1,3,0,2,0,2,3,0,0.03259617824449085,-0.3761334917461539
395,0,3,0,0,1,2,2,1,0.01522456229383405,-0.5178381285988378
396,0,3,0,0,0,2,1,1,0.015322155641871447,0.11983273723823988
397,0,2,0,0,1,2,2,1,0.05074854097944684,1.1826175136333694
398,0,2,0,0,1,2,4,1,0.02049460308785353,-0.44698581017249583
399,1,2,0,0,0,2,3,1,0.024691117053461633,-0.09272421804078601
400,1,3,0,0,1,2,2,1,0.015478304998731283,0.6866512846489756
401,0,3,0,0,1,2,2,1,0.01571252903402104,-0.23442885489346996
402,0,3,1,0,0,2,1,0,0.0191868522241524,-0.5886904470251798
403,0,3,1,0,1,2,2,0,0.03093709132785509,-0.09272421804078601
404,0,3,0,0,0,2,1,1,0.016903167880077292,-0.6595427654515218
405,0,2,1,0,1,2,2,0,0.04098920617570706,0.3323896925172658
406,0,3,0,0,1,2,2,1,0.015126968945796652,1.5368791057650792
407,1,2,1,1,1,2,0,0,0.03659750551402416,-1.8640321786993352
408,0,3,0,0,1,2,2,1,0.015185524954619091,-0.5886904470251798
409,0,3,3,1,0,2,1,0,0.04971405149025042,0.44033250032741483
410,0,3,0,0,1,2,2,1,0.015419748989908846,0.8244614267516792
411,0,3,0,0,1,1,2,1,0.013389807350730974,0.9665931167428764
412,1,1,1,0,0,1,1,0,0.17566802646731597,0.2615373740909238
413,0,2,0,0,1,2,2,1,0.0,-0.021871899614444048
414,1,3,0,0,1,2,2,1,0.015478304998731283,1.0409128767806854
415,0,3,0,0,0,2,3,1,0.01571252903402104,-0.0014805237252693616
416,1,2,1,1,0,2,3,0,0.06343567622430854,0.3323896925172658
417,1,2,0,2,0,2,1,0,0.02537427048972342,-0.8012474023042057
418,0,2,0,0,1,2,2,1,0.02537427048972342,0.04898041881189792
419,0,3,0,2,0,2,1,0,0.047137587102063117,-1.3680659497149414
420,0,3,0,0,1,0,2,1,0.015419748989908846,0.4447436338873269
421,0,3,0,0,1,1,2,1,0.015087931606581693,-0.5886904470251798
422,0,3,0,0,1,2,2,1,0.015380711650693886,-0.021871899614444048
423,0,3,1,1,0,2,3,0,0.028106884234770556,-0.09272421804078601
424,0,3,1,1,1,2,2,0,0.03944723127671618,-0.8012474023042057
425,0,3,0,0,1,2,2,1,0.014151035465422675,1.1805055215103593
426,1,2,1,0,0,2,3,0,0.05074854097944684,-0.09272421804078601
427,1,2,0,0,0,2,1,1,0.05074854097944684,-0.7303950838778637
428,0,3,0,0,1,1,2,1,0.015126968945796652,2.0719145054936017
429,1,3,0,0,1,2,2,1,0.01571252903402104,0.19068505566458185
430,1,1,0,0,1,2,2,1,0.05182206780785821,-0.09272421804078601
431,1,3,1,0,0,2,3,0,0.03142505806804208,0.46732924514517155
432,1,2,1,0,0,2,3,0,0.05074854097944684,0.8992082399280015
433,0,3,0,0,1,2,2,1,0.01391681143013292,-0.8720997207305476
434,0,1,1,0,1,2,2,0,0.1091093631058107,1.4660267873387371
435,1,1,1,2,0,2,1,0,0.2342240352897546,-1.0846566760095735
436,0,3,2,2,0,2,1,0,0.0671051861105147,-0.5886904470251798
437,1,2,2,3,0,2,3,0,0.03659750551402416,-0.3761334917461539
438,0,1,1,4,1,2,2,0,0.5133410106767122,2.457959245307525
439,0,2,0,0,1,2,2,1,0.02049460308785353,0.11983273723823988
440,1,2,1,1,0,2,3,0,0.051236507719633825,1.1117651952070273
441,0,3,0,0,1,2,2,1,0.018542736127105573,-0.6595427654515218
442,0,3,1,0,1,2,2,0,0.015185524954619091,-0.3052811733198119
443,1,2,0,0,0,2,1,1,0.02537427048972342,-0.09272421804078601
444,1,3,0,0,1,2,2,1,0.015829641051665917,1.1711139900210927
445,1,1,0,2,1,2,0,0,0.1597798294068276,-1.7931798602729931
446,1,2,0,1,0,2,1,0,0.03806140573458513,-1.1555089944359156
447,1,1,0,0,1,2,2,1,0.05182206780785821,0.3323896925172658
448,1,3,2,1,0,0,1,0,0.03759295766400562,-1.7223275418466513
449,1,1,0,0,1,2,4,1,0.059531942302812633,1.6077314241914211
450,0,2,1,2,1,2,2,0,0.05416430816075576,0.4740943293699497
451,0,3,1,0,1,2,2,0,0.03897878320613666,-0.40396807231453363
452,0,1,0,0,1,0,2,1,0.05416430816075576,0.04898041881189792
453,1,1,1,0,1,0,2,0,0.17391134620264279,1.3951744689123953
454,0,3,0,0,1,2,2,1,0.01571252903402104,-1.8288180167081276
455,1,3,0,0,1,0,2,1,0.015419748989908846,-0.021871899614444048
456,0,1,0,0,1,2,2,1,0.05182206780785821,2.528811563733867
457,1,1,1,0,0,2,3,0,0.10122382058438896,0.5449466477962916
458,1,2,0,0,0,2,1,1,0.02049460308785353,1.4660267873387371
459,0,3,0,0,1,1,2,1,0.015126968945796652,-1.694452223320746
460,1,1,0,0,1,2,2,1,0.05182206780785821,1.3243221504860534
461,0,3,0,0,1,2,2,1,0.01571252903402104,0.3323896925172658
462,0,1,0,0,1,2,2,1,0.07514687798879627,1.2534698320597113
463,0,2,0,0,1,2,2,1,0.02537427048972342,1.3243221504860534
464,0,3,0,0,1,2,2,1,0.01571252903402104,0.14372831363020408
465,0,3,0,0,1,2,2,1,0.013760662073273084,0.6157989662226336
466,0,2,0,0,1,2,2,1,0.0,-0.021871899614444048
467,0,1,0,0,1,2,2,1,0.05182206780785821,1.891140697896789
468,0,3,0,0,1,1,2,1,0.015087931606581693,-0.06614391055867311
469,1,3,2,1,0,0,1,0,0.03759295766400562,-2.0234498951586044
470,0,3,0,0,1,2,2,1,0.014151035465422675,0.01799528291769007
471,0,3,0,0,1,2,2,1,0.016903167880077292,0.6157989662226336
472,1,2,1,2,0,2,3,0,0.05416430816075576,0.2615373740909238
473,1,2,0,0,0,0,3,1,0.0269162453887143,-0.44698581017249583
474,0,3,0,0,0,2,1,1,0.01920637089375988,-0.5178381285988378
475,0,1,0,0,1,2,2,1,0.10149708195889368,0.5449466477962916
476,0,2,1,0,1,2,2,0,0.04098920617570706,0.3323896925172658
477,0,3,1,0,1,2,2,0,0.013760662073273084,-0.021871899614444048
478,0,3,0,0,1,2,2,1,0.014678039544824622,-0.5178381285988378
479,1,3,0,1,0,2,1,0,0.023988444947592367,-1.9348844971256771
480,0,3,5,2,1,2,0,0,0.09154256045907909,-1.4389182681412833
481,0,2,0,0,1,2,2,1,0.0,-0.021871899614444048
482,0,3,0,0,1,2,2,1,0.01571252903402104,1.4660267873387371
483,1,3,0,0,0,2,3,1,0.01871840415357289,2.387106926881183
484,1,1,1,0,1,0,2,0,0.17777604278492376,-0.3052811733198119
485,0,3,3,1,0,2,1,0,0.04971405149025042,-1.7739465535544554
486,1,1,1,0,0,2,3,0,0.17566802646731597,0.40324201094360773
487,0,1,0,0,1,0,2,1,0.05797044873421427,2.032845334749473
488,0,3,0,0,1,2,2,1,0.01571252903402104,0.04898041881189792
489,1,3,1,1,1,2,0,0,0.031034684675892488,-1.4389182681412833
490,0,3,1,0,1,2,2,0,0.03897878320613666,1.0702536260148476
491,0,3,0,0,1,2,2,1,0.014151035465422675,-0.5886904470251798
492,0,1,0,0,1,2,2,1,0.059531942302812633,1.820288379470447
493,0,1,0,0,1,0,2,1,0.09661741455702379,2.953925474291919
494,0,3,0,0,1,2,2,1,0.01571252903402104,-0.5886904470251798
495,0,3,0,0,1,0,2,1,0.028223996252415433,-0.7198507752484762
496,1,1,1,0,0,0,1,0,0.15277262701774244,1.749436061044105
497,0,3,0,0,1,2,2,1,0.02947319110729412,0.3692827845078446
498,0,1,1,2,0,2,3,0,0.2958054379013526,-0.3052811733198119
499,0,3,0,0,1,2,2,1,0.01522456229383405,-0.3761334917461539
500,0,3,0,0,1,2,2,1,0.016903167880077292,-0.8720997207305476
501,0,3,0,0,0,1,1,1,0.015126968945796652,-0.5886904470251798
502,0,3,0,0,0,1,1,1,0.014892744910506898,-0.18740810629167215
503,0,3,0,0,0,2,1,1,0.01871840415357289,0.5449466477962916
504,1,1,0,0,0,2,1,1,0.16883649210469812,-0.9429520391568896
505,0,1,1,0,1,0,2,0,0.21255831202545233,-0.8012474023042057
506,1,2,0,2,0,2,3,0,0.05074854097944684,0.2615373740909238
507,1,1,0,0,1,2,2,1,0.05182206780785821,0.5449466477962916
508,0,3,0,0,1,2,2,1,0.04397556262565143,-0.09272421804078601
509,1,3,0,0,1,2,2,1,0.11028048328225946,-0.23442885489346996
510,1,3,0,0,1,1,2,1,0.015126968945796652,-0.021871899614444048
511,0,3,0,0,1,2,2,1,0.01571252903402104,-0.1762452760525487
512,1,1,0,0,1,2,2,1,0.05131458239806374,0.4740943293699497
513,1,1,1,0,0,0,3,0,0.11594089746842853,1.749436061044105
514,0,3,0,0,1,2,2,1,0.014639002205609663,-0.3761334917461539
515,0,1,0,0,1,2,2,1,0.06640251400464545,1.2534698320597113
516,1,2,0,0,0,2,3,1,0.02049460308785353,0.3323896925172658
517,0,3,0,0,1,1,2,1,0.047137587102063117,0.6792429102609857
518,1,2,1,0,0,2,3,0,0.05074854097944684,0.4740943293699497
519,0,3,0,0,1,2,2,1,0.015419748989908846,0.19068505566458185
520,1,1,0,0,0,2,1,1,0.18249956082993382,0.04898041881189792
521,0,3,0,0,1,2,2,1,0.015419748989908846,-0.5178381285988378
522,0,3,0,0,1,0,2,1,0.014111998126207717,-1.0752623423111134
523,1,1,0,1,0,0,3,0,0.11316924638416644,1.0409128767806854
524,0,3,0,0,1,0,2,1,0.014111998126207717,0.11528264315176809
525,0,3,0,0,1,1,2,1,0.015126968945796652,0.7929297622884885
526,1,2,0,0,0,2,1,1,0.02049460308785353,1.4660267873387371
527,0,1,0,0,1,2,2,1,0.4328850545546815,0.5449466477962916
528,0,3,0,0,1,2,2,1,0.015478304998731283,0.6866512846489756
529,0,2,2,1,1,2,2,0,0.022446470048601484,-0.44698581017249583
530,1,2,1,1,0,2,1,0,0.05074854097944684,-1.9348844971256771
531,0,3,0,0,1,0,2,1,0.014111998126207717,-0.33903658314229734
532,0,3,1,1,1,0,2,0,0.014111998126207717,-0.8720997207305476
533,1,3,0,2,0,0,3,0,0.043643745242324276,0.5564136803390091
534,0,3,0,0,0,2,1,1,0.016903167880077292,0.04898041881189792
535,1,2,0,2,0,2,1,0,0.051236507719633825,-1.5806229049939673
536,0,1,0,0,1,2,4,1,0.05182206780785821,1.1117651952070273
537,1,1,0,0,0,0,1,1,0.2077372006324049,0.04898041881189792
538,0,3,0,0,1,2,2,1,0.02830207093084535,-0.821196994857866
539,1,1,0,2,0,0,1,0,0.09661741455702379,-0.5178381285988378
540,1,1,0,2,0,2,1,0,0.1385825542131048,0.4740943293699497
541,0,3,4,2,0,2,1,0,0.06105439853219604,-1.4389182681412833
542,0,3,4,2,0,2,1,0,0.06105439853219604,-1.2972136312885993
543,1,2,1,0,1,2,2,0,0.05074854097944684,0.19068505566458185
544,0,1,1,0,1,0,2,0,0.2077372006324049,1.4660267873387371
545,0,1,0,0,1,2,2,1,0.05074854097944684,2.457959245307525
546,1,2,1,0,0,2,3,0,0.05074854097944684,-0.7303950838778637
547,1,2,0,0,1,0,2,1,0.027052876075966657,-0.021871899614444048
548,0,3,1,1,1,2,2,0,0.04007182870415552,0.2615373740909238
549,1,2,1,1,1,2,0,0,0.07173111080748736,-1.5097705865676254
550,1,1,0,2,1,0,2,0,0.21642300860773325,-0.8720997207305476
551,0,2,0,0,1,2,2,1,0.05074854097944684,-0.16357653646712797
552,0,3,0,0,1,1,2,1,0.015283118302656488,-0.6718033694674489
553,1,3,0,0,1,0,2,1,0.014111998126207717,-0.5178381285988378
554,1,3,0,0,0,2,1,1,0.015185524954619091,-0.5178381285988378
555,0,1,0,0,1,2,2,1,0.05182206780785821,2.316254608454841
556,1,1,1,0,0,0,4,0,0.07729393164561903,1.3243221504860534
557,0,1,0,0,1,0,2,1,0.44410828957898224,0.5449466477962916
558,1,1,1,1,0,2,3,0,0.15546620342357464,0.6866512846489756
559,1,3,1,0,0,2,3,0,0.03396248511701442,0.4740943293699497
560,0,3,0,0,1,1,2,1,0.015126968945796652,-1.0087892129683975
561,0,3,0,0,1,2,2,1,0.015419748989908846,0.7575036030753176
562,0,2,0,0,1,2,2,1,0.026350203970097394,-0.09272421804078601
563,0,3,0,0,1,2,2,1,0.01571252903402104,-0.5118617929299537
564,0,3,0,0,0,2,1,1,0.01571252903402104,-0.007085933336727778
565,0,3,2,0,1,2,2,0,0.047137587102063117,-0.3761334917461539
566,0,3,0,0,1,2,2,1,0.015419748989908846,-0.7303950838778637
567,0,3,0,4,0,2,3,0,0.041145355532566895,-0.021871899614444048
568,0,3,0,0,1,0,2,1,0.014111998126207717,0.17140528392476764
569,1,3,0,0,1,2,2,1,0.015322155641871447,0.19068505566458185
570,1,2,0,0,1,2,2,1,0.02049460308785353,2.316254608454841
571,1,1,2,0,0,2,3,0,0.10048211113930472,1.6785837426177632
572,1,1,0,0,1,2,2,1,0.05150976909413854,0.4740943293699497
573,1,3,0,0,0,1,1,1,0.015126968945796652,-0.8028528315254876
574,0,3,0,0,1,2,2,1,0.01571252903402104,-0.9429520391568896
575,0,3,0,0,1,2,2,1,0.02830207093084535,-0.7303950838778637
576,1,2,0,0,0,2,1,1,0.02537427048972342,0.3323896925172658
577,1,1,1,0,0,2,3,0,0.1091093631058107,0.6866512846489756
578,0,3,1,0,0,0,3,0,0.028223996252415433,-1.3817325229770803
579,1,3,0,0,1,2,2,1,0.015478304998731283,0.19068505566458185
580,1,2,1,1,0,2,1,0,0.05855600882243865,-0.3052811733198119
581,1,1,1,1,0,0,3,0,0.21642300860773325,0.6866512846489756
582,0,2,0,0,1,2,2,1,0.05074854097944684,1.749436061044105
583,0,1,0,0,1,0,2,1,0.07832842113481545,0.4740943293699497
584,0,3,0,0,1,0,2,1,0.01700076122811469,-1.005303261897265
585,1,1,0,2,0,2,1,0,0.15546620342357464,-0.8012474023042057
586,0,2,0,0,1,2,2,1,0.029278004411219326,1.2534698320597113
587,1,1,1,1,1,0,2,0,0.15458786329123805,2.174549971602157
588,0,3,0,0,1,2,2,1,0.01571252903402104,-0.5178381285988378
589,0,3,0,0,1,2,2,1,0.01571252903402104,0.7423881387992826
590,0,3,0,0,1,2,2,1,0.01391681143013292,0.40324201094360773
591,1,1,1,0,0,0,3,0,0.15277262701774244,1.6077314241914211
592,0,3,0,0,1,2,2,1,0.014151035465422675,1.2534698320597113
593,0,3,0,2,0,1,1,0,0.015126968945796652,0.5113471903033713
594,0,2,1,0,1,2,2,0,0.05074854097944684,0.5449466477962916
595,0,3,1,1,1,2,2,0,0.047137587102063117,0.4740943293699497
596,1,2,0,0,0,2,1,1,0.06441160970468252,-0.021871899614444048
597,0,3,0,0,1,2,2,1,0.0,1.3951744689123953
598,0,3,0,0,1,0,2,1,0.014111998126207717,-0.34000937626348954
599,1,1,1,0,1,0,4,0,0.11111978607538109,1.3951744689123953
600,1,2,2,1,0,2,3,0,0.05270040794019479,-0.3761334917461539
601,0,3,0,0,1,2,2,1,0.015419748989908846,-0.7392769994390008
602,0,1,0,0,1,2,2,1,0.0827591591357133,0.5449466477962916
603,0,3,0,0,1,2,2,1,0.01571252903402104,1.0409128767806854
604,1,1,0,0,1,0,2,1,0.05182206780785821,0.40324201094360773
605,0,3,1,0,1,2,2,0,0.030351531239630705,0.4740943293699497
606,0,3,0,0,1,2,2,1,0.015419748989908846,0.04898041881189792
607,1,1,0,0,1,2,2,1,0.059531942302812633,-0.16357653646712797
608,1,2,1,2,0,0,3,0,0.08115862822789997,-0.5178381285988378
609,1,1,0,0,0,2,1,1,0.2995335037963812,0.7575036030753176
610,0,3,1,5,0,2,3,0,0.06105439853219604,0.6866512846489756
611,0,3,0,0,1,2,2,1,0.013760662073273084,-0.09174308347614527
612,1,3,1,0,0,1,1,0,0.030253937891593304,-1.2776255407254906
613,0,3,0,0,1,1,2,1,0.015126968945796652,-2.076589133978361
614,0,3,0,0,1,2,2,1,0.01571252903402104,0.40324201094360773
615,1,2,1,2,0,2,1,0,0.12687135244861708,-0.3761334917461539
616,0,3,1,1,1,2,2,0,0.028106884234770556,0.3323896925172658
617,0,3,1,0,0,2,3,0,0.03142505806804208,-0.23442885489346996
618,1,2,2,1,0,2,1,0,0.07612281146917026,-1.7931798602729931
619,0,2,0,0,1,2,2,1,0.02049460308785353,-0.23442885489346996
620,0,3,1,0,1,0,2,0,0.02820447758280795,-0.16357653646712797
621,1,1,1,0,1,2,2,0,0.10257060878730503,0.8992082399280015
622,1,3,1,1,1,0,2,0,0.030722385962172815,-0.6595427654515218
623,0,3,0,0,1,2,2,1,0.015322155641871447,-0.5886904470251798
624,0,3,0,0,1,2,2,1,0.03142505806804208,-0.5886904470251798
625,0,1,0,0,1,2,2,1,0.06308434017137392,2.245402290028499
626,0,2,0,0,1,1,4,1,0.024105556965237245,1.961993016323131
627,1,1,0,0,0,2,1,1,0.15216754825991058,-0.5886904470251798
628,0,3,0,0,1,2,2,1,0.015419748989908846,-0.23442885489346996
629,0,3,0,0,1,1,2,1,0.015087931606581693,-0.9609224784737878
630,1,1,0,0,1,2,2,1,0.05855600882243865,3.5915963401289965
631,0,3,0,0,1,2,2,1,0.013760662073273084,1.5368791057650792
632,1,1,0,0,1,0,4,1,0.059531942302812633,0.19068505566458185
633,0,1,0,0,1,2,2,1,0.0,0.5449466477962916
634,0,3,3,2,0,2,1,0,0.05445708820486795,-1.4389182681412833
635,1,2,0,0,0,2,1,1,0.02537427048972342,-0.09272421804078601
636,0,3,0,0,1,2,2,1,0.015478304998731283,0.19068505566458185
637,0,2,1,1,1,2,2,0,0.051236507719633825,0.11983273723823988
638,0,3,0,5,0,2,3,0,0.07746959967208633,0.8283559215016596
639,0,3,1,0,1,2,2,0,0.03142505806804208,-0.07859172482148553
640,0,3,0,0,1,2,2,1,0.015322155641871447,-0.6595427654515218
641,1,1,0,0,0,0,1,1,0.1352643803798333,-0.3761334917461539
642,0,3,3,2,0,2,1,0,0.05445708820486795,-1.9348844971256771
643,1,3,0,0,1,2,2,1,0.11028048328225946,0.28845785559869547
644,1,3,2,1,0,0,1,0,0.03759295766400562,-2.0234498951586044
645,1,1,1,0,1,0,2,0,0.1497667518981906,1.3243221504860534
646,0,3,0,0,1,2,2,1,0.015419748989908846,-0.7303950838778637
647,1,1,0,0,1,0,4,1,0.0692912771065524,1.891140697896789
648,0,3,0,0,1,2,2,1,0.01473659555364706,-0.7685394384396993
649,1,3,0,0,0,2,1,1,0.01473659555364706,-0.44698581017249583
650,0,3,0,0,1,2,2,1,0.015419748989908846,-0.8141103303813535
651,1,2,0,1,0,2,1,0,0.04489294009720297,-0.8012474023042057
652,0,3,0,0,1,2,2,1,0.016454238479105262,-0.5886904470251798
653,1,3,0,0,0,1,1,1,0.015283118302656488,-1.1026869919122506
654,0,3,0,0,0,1,1,1,0.013175101985048697,-0.8012474023042057
655,0,2,2,0,1,2,2,0,0.1434622216149747,-0.3761334917461539
656,0,3,0,0,1,2,2,1,0.015419748989908846,0.22683688361455207
657,0,3,1,1,0,1,3,0,0.030253937891593304,0.19068505566458185
658,0,2,0,0,1,2,2,1,0.02537427048972342,-0.44698581017249583
659,0,1,0,2,1,0,2,0,0.22110748931352836,2.032845334749473
660,1,1,2,0,1,2,4,0,0.2608670193039642,1.4660267873387371
661,0,3,0,0,1,0,2,1,0.014111998126207717,0.7575036030753176
662,0,1,0,0,1,2,2,1,0.049948275525540174,1.2534698320597113
663,0,3,0,0,1,2,2,1,0.014639002205609663,0.4740943293699497
664,1,3,1,0,1,2,2,0,0.015478304998731283,-0.6595427654515218
665,0,2,2,0,1,2,2,0,0.1434622216149747,0.19068505566458185
666,0,2,0,0,1,2,2,1,0.02537427048972342,-0.3052811733198119
667,0,3,0,0,1,2,2,1,0.015185524954619091,0.5349066850995887
668,0,3,0,0,1,2,2,1,0.01571252903402104,0.9700605583543435
669,1,1,1,0,0,2,3,0,0.10149708195889368,0.5449466477962916
670,1,2,1,1,0,2,3,0,0.07612281146917026,0.7575036030753176
671,0,1,1,0,1,2,2,0,0.10149708195889368,0.11983273723823988
672,0,2,0,0,1,2,2,1,0.02049460308785353,2.883073155865577
673,1,2,0,0,1,2,2,1,0.02537427048972342,0.11983273723823988
674,0,2,0,0,1,2,2,1,0.0,-0.021871899614444048
675,0,3,0,0,1,2,2,1,0.015185524954619091,-0.8012474023042057
676,0,3,0,0,1,2,2,1,0.01571252903402104,-0.3407073325329829
677,1,3,0,0,0,2,1,1,0.01920637089375988,-0.8012474023042057
678,0,3,1,6,0,2,3,0,0.09154256045907909,0.9700605583543435
679,1,1,0,1,1,0,2,0,1.0,0.4740943293699497
680,0,3,0,0,0,1,1,1,0.015888197060488357,0.7640560559498828
681,1,1,0,0,1,0,2,1,0.1497667518981906,-0.16357653646712797
682,0,3,0,0,1,2,2,1,0.018015732047703625,-0.6595427654515218
683,0,3,5,2,1,2,2,0,0.09154256045907909,-1.0846566760095735
684,0,2,1,1,1,2,2,0,0.07612281146917026,2.174549971602157
685,0,2,1,2,1,0,2,0,0.08115862822789997,-0.3052811733198119
686,0,3,4,1,1,2,2,0,0.07746959967208633,-1.0846566760095735
687,0,3,0,0,1,2,2,1,0.019850486990806705,-0.7303950838778637
688,0,3,0,0,1,2,2,1,0.01522456229383405,-0.8012474023042057
689,1,1,0,1,0,2,1,0,0.4125075634844729,-1.0138043575832316
690,1,1,1,0,1,2,2,0,0.11125641676263344,0.11983273723823988
691,1,3,0,1,0,0,1,0,0.02619405461323756,-1.7931798602729931
692,1,3,0,0,1,2,2,1,0.11028048328225946,0.016444677094836786
693,0,3,0,0,1,0,2,1,0.014111998126207717,-0.3052811733198119
694,0,1,0,0,1,2,4,1,0.05182206780785821,2.174549971602157
695,0,2,0,0,1,2,2,1,0.026350203970097394,1.6077314241914211
696,0,3,0,0,1,2,2,1,0.01571252903402104,1.0409128767806854
697,1,3,0,0,0,1,1,1,0.015087931606581693,-0.4017580489237486
698,0,1,1,1,1,0,2,0,0.21642300860773325,1.3951744689123953
699,0,3,0,0,1,2,2,1,0.014931782249721857,0.8992082399280015
700,1,1,1,0,0,0,3,0,0.44410828957898224,-0.8012474023042057
701,1,1,0,0,1,2,2,1,0.05131458239806374,0.40324201094360773
702,0,3,0,1,0,0,1,0,0.02820447758280795,-0.8012474023042057
703,0,3,0,0,1,1,2,1,0.015107450276189174,-0.3052811733198119
704,0,3,1,0,1,2,2,0,0.015322155641871447,-0.23442885489346996
705,0,2,0,0,1,2,2,1,0.05074854097944684,0.6866512846489756
706,1,2,0,0,0,2,3,1,0.026350203970097394,1.1117651952070273
707,1,1,0,0,1,2,2,1,0.05131458239806374,0.8992082399280015
708,1,1,0,0,0,2,1,1,0.2958054379013526,-0.5178381285988378
709,1,3,1,1,1,0,0,0,0.029765971151406317,-0.9904351536927044
710,1,1,0,0,0,0,1,1,0.09661741455702379,-0.3761334917461539
711,0,1,0,0,1,2,2,1,0.05182206780785821,0.5449466477962916
712,1,1,1,0,1,2,2,0,0.10149708195889368,1.3243221504860534
713,0,3,0,0,1,2,2,1,0.018503698787890616,-0.021871899614444048
714,0,2,0,0,1,2,2,1,0.02537427048972342,1.6077314241914211
715,0,3,0,0,1,2,2,1,0.014931782249721857,-0.7303950838778637
716,1,1,0,0,0,0,1,1,0.44410828957898224,0.6157989662226336
717,1,2,0,0,0,2,1,1,0.02049460308785353,-0.16357653646712797
718,0,3,0,0,1,1,2,1,0.030253937891593304,-0.408428430522672
719,0,3,0,0,1,2,2,1,0.015185524954619091,0.2615373740909238
720,1,2,0,1,0,2,1,0,0.06441160970468252,-1.6514752234203092
721,0,3,1,0,1,2,2,0,0.013760662073273084,-0.8720997207305476
722,0,2,0,0,1,2,2,1,0.02537427048972342,0.3323896925172658
723,0,2,0,0,1,2,2,1,0.02537427048972342,1.4660267873387371
724,1,1,1,0,1,2,2,0,0.10364413561571642,-0.16357653646712797
725,0,3,0,0,1,2,2,1,0.016903167880077292,-0.6595427654515218
726,1,2,3,0,0,2,3,0,0.04098920617570706,0.04898041881189792
727,1,3,0,0,0,1,1,1,0.015107450276189174,0.9278641292352086
728,0,2,1,0,1,2,2,0,0.05074854097944684,-0.3052811733198119
729,0,3,1,0,0,2,1,0,0.015478304998731283,-0.3052811733198119
730,1,1,0,0,0,2,1,1,0.4125075634844729,-0.021871899614444048
731,0,3,0,0,1,0,2,1,0.03667558019245407,-1.2972136312885993
732,0,2,0,0,1,2,2,1,0.0,-0.021871899614444048
733,0,2,0,0,1,2,2,1,0.02537427048972342,-0.44698581017249583
734,0,2,0,0,1,2,2,1,0.02537427048972342,-0.44698581017249583
735,0,3,0,0,1,2,2,1,0.03142505806804208,-0.05729805882761503
736,0,3,1,3,0,2,3,0,0.0671051861105147,1.3243221504860534
737,1,1,0,0,1,0,2,1,1.0,0.40324201094360773
738,0,3,0,0,1,2,2,1,0.015419748989908846,-0.7276149352619671
739,0,3,0,0,1,2,2,1,0.015419748989908846,0.09701998903503058
740,1,1,0,0,1,2,2,1,0.05855600882243865,0.5449466477962916
741,0,1,1,0,1,2,2,0,0.15390470985497626,0.4740943293699497
742,1,1,2,2,0,0,1,0,0.5121308531610484,-0.5886904470251798
743,0,3,1,0,1,2,2,0,0.03142505806804208,-0.3761334917461539
744,1,3,0,0,1,2,2,1,0.015478304998731283,0.11983273723823988
745,0,1,1,1,1,2,4,0,0.1385825542131048,2.883073155865577
746,0,3,1,1,1,2,2,0,0.03952530595514609,-0.9429520391568896
747,1,2,0,0,0,2,1,1,0.02537427048972342,0.04898041881189792
748,0,1,1,0,1,2,2,0,0.10364413561571642,-0.7303950838778637
749,0,3,0,0,1,1,2,1,0.015126968945796652,0.11983273723823988
750,1,2,1,1,0,2,1,0,0.04489294009720297,-1.7931798602729931
751,1,3,0,1,1,2,0,0,0.02435929967013448,-1.6514752234203092
752,0,3,0,0,1,2,2,1,0.018542736127105573,0.2615373740909238
753,0,3,0,0,1,2,2,1,0.015419748989908846,-0.44698581017249583
754,1,2,1,2,0,2,3,0,0.12687135244861708,1.3243221504860534
755,1,2,1,1,1,2,0,0,0.02830207093084535,-2.029118080632712
756,0,3,0,0,1,2,2,1,0.01522456229383405,-0.09272421804078601
757,0,2,0,0,1,2,2,1,0.022446470048601484,-0.8012474023042057
758,0,3,0,0,1,2,2,1,0.01571252903402104,0.3323896925172658
759,1,1,0,0,0,2,4,1,0.16883649210469812,0.2615373740909238
760,0,3,0,0,1,2,2,1,0.02830207093084535,-0.08642041358398317
761,0,3,0,0,1,2,2,1,0.01391681143013292,0.8283559215016596
762,1,3,0,0,1,0,2,1,0.014111998126207717,-0.6595427654515218
763,1,1,1,2,0,2,3,0,0.2342240352897546,0.4740943293699497
764,0,3,0,0,1,2,2,1,0.015185524954619091,-0.9429520391568896
765,1,1,1,0,0,2,3,0,0.15216754825991058,1.5368791057650792
766,0,1,0,0,1,0,4,1,0.07729393164561903,0.5449466477962916
767,0,3,0,0,0,1,1,1,0.015126968945796652,0.0844065780250689
768,0,3,1,0,1,1,2,0,0.047137587102063117,-0.32391100398928385
769,0,3,0,0,1,2,2,1,0.016317607791852904,0.19068505566458185
770,0,3,0,0,1,2,2,1,0.018542736127105573,-0.3761334917461539
771,0,3,0,0,1,2,2,1,0.015322155641871447,1.3243221504860534
772,0,2,0,0,0,2,3,1,0.02049460308785353,1.961993016323131
773,0,3,0,0,1,0,2,1,0.014111998126207717,-0.38598478959787413
774,1,2,1,3,0,2,3,0,0.04489294009720297,1.749436061044105
775,0,3,0,0,1,2,2,1,0.015126968945796652,-0.8012474023042057
776,0,3,0,0,1,1,2,1,0.015126968945796652,0.5692391282482325
777,1,3,0,0,0,2,1,1,0.02435929967013448,-1.7223275418466513
778,0,3,0,0,1,1,2,1,0.015107450276189174,-1.520393006548019
779,1,1,0,1,0,2,3,0,0.4125075634844729,0.9700605583543435
780,1,3,0,0,0,0,1,1,0.014111998126207717,-1.1555089944359156
781,1,1,1,0,0,2,3,0,0.11125641676263344,-0.8720997207305476
782,0,1,0,0,1,2,2,1,0.05855600882243865,-0.021871899614444048
783,0,3,1,2,1,2,2,0,0.045771280229539545,0.4176156904144939
784,0,3,0,0,1,2,2,1,0.013760662073273084,-0.3052811733198119
785,0,3,0,0,1,2,2,1,0.014151035465422675,-0.3052811733198119
786,1,3,0,0,0,2,1,1,0.014639002205609663,-0.8012474023042057
787,0,3,4,1,1,1,0,0,0.056857884566587934,-1.5097705865676254
788,1,3,1,2,1,2,0,0,0.04016942205219291,-2.005736815552019
789,0,1,0,0,1,0,2,1,0.15458786329123805,1.1826175136333694
790,0,3,0,0,1,1,2,1,0.015126968945796652,0.5261797561509164
791,0,2,0,0,1,2,2,1,0.05074854097944684,-0.9429520391568896
792,0,3,8,2,0,2,1,0,0.13575234712002027,0.026247748607497203
793,0,1,0,0,1,0,2,1,0.059922315694962223,0.5449466477962916
794,0,3,0,0,1,2,2,1,0.015419748989908846,-0.3052811733198119
795,0,2,0,0,1,2,2,1,0.02537427048972342,0.6866512846489756
796,1,1,0,0,0,2,4,1,0.05061191029219448,1.3951744689123953
797,1,3,0,0,0,2,3,1,0.01694220521929225,0.11983273723823988
798,0,3,0,0,1,0,2,1,0.014111998126207717,0.04898041881189792
799,0,3,1,1,0,2,3,0,0.047137587102063117,0.04898041881189792
800,0,2,0,0,1,2,2,1,0.02537427048972342,0.3323896925172658
801,1,2,1,1,0,2,3,0,0.051236507719633825,0.11983273723823988
802,1,1,1,2,1,2,0,0,0.2342240352897546,-1.2972136312885993
803,1,3,0,1,1,0,0,0,0.016629906505572577,-2.0468311602392975
804,1,3,0,0,1,2,2,1,0.013624031386020728,-0.16357653646712797
805,0,3,0,0,1,2,2,1,0.015185524954619091,0.11983273723823988
806,0,1,0,0,1,2,2,1,0.0,0.6866512846489756
807,0,3,0,0,0,2,1,1,0.015185524954619091,-0.8012474023042057
808,0,2,0,0,1,2,2,1,0.02537427048972342,0.6866512846489756
809,1,1,1,0,0,2,3,0,0.10364413561571642,0.2615373740909238
810,0,3,0,0,1,2,2,1,0.015400230320301366,-0.23442885489346996
811,0,3,0,0,1,2,2,1,0.047137587102063117,0.6866512846489756
812,0,2,0,0,1,2,2,1,0.02049460308785353,0.40324201094360773
813,0,3,4,2,0,2,1,0,0.06105439853219604,-1.6514752234203092
814,0,3,0,0,1,2,2,1,0.01571252903402104,0.0844065780250689
815,0,1,0,0,1,2,2,1,0.0,0.5449466477962916
816,0,3,0,0,0,2,1,1,0.015478304998731283,-0.44698581017249583
817,0,2,1,1,1,0,2,0,0.07221907754767434,0.11983273723823988
818,0,3,0,0,1,2,2,1,0.012589541896824312,0.9700605583543435
819,0,3,3,2,1,2,0,0,0.05445708820486795,-1.3680659497149414
820,1,1,1,1,0,2,3,0,0.18249956082993382,1.6077314241914211
821,1,3,0,0,1,2,2,1,0.016903167880077292,-0.16357653646712797
822,0,1,0,0,1,2,4,1,0.0,0.6157989662226336
823,1,3,0,1,0,2,3,0,0.02435929967013448,-0.16357653646712797
824,0,3,4,1,1,2,0,0,0.07746959967208633,-1.9348844971256771
825,0,3,0,0,1,1,2,1,0.013565475377198289,-1.4255015997919216
826,0,3,0,0,1,2,2,1,0.11028048328225946,0.422291630263385
827,1,2,0,2,1,0,0,0,0.07221907754767434,-2.005736815552019
828,1,3,0,0,1,1,2,1,0.015126968945796652,-0.8425459972209508
829,1,1,0,0,0,2,3,1,0.1561493568598364,2.316254608454841
830,1,3,1,0,0,0,3,0,0.02820447758280795,-1.0138043575832316
831,1,2,1,1,1,2,0,0,0.03659750551402416,-2.017781709684497
832,0,3,0,0,1,0,2,1,0.014111998126207717,-0.6486210562798509
833,0,3,0,0,1,2,2,1,0.015322155641871447,-0.44698581017249583
834,0,3,0,0,1,2,2,1,0.01620049577420803,-0.8012474023042057
835,1,1,1,1,0,0,1,0,0.16231725645579995,0.6866512846489756
836,0,3,0,0,1,2,2,1,0.016903167880077292,-0.5886904470251798
837,0,3,0,0,1,2,2,1,0.01571252903402104,0.7142585313025456
838,1,3,0,0,1,2,2,1,0.11028048328225946,0.19068505566458185
839,1,1,0,0,1,0,2,1,0.05797044873421427,0.5449466477962916
840,0,3,0,0,1,2,2,1,0.015478304998731283,-0.6595427654515218
841,0,2,0,0,1,2,2,1,0.02049460308785353,-0.9429520391568896
842,1,1,0,0,0,0,1,1,0.06050787578318661,0.04898041881189792
843,0,3,0,0,1,0,2,1,0.012570023227216832,0.3678158517304368
844,0,3,0,0,1,2,2,1,0.016903167880077292,-0.8720997207305476
845,0,3,0,0,1,2,2,1,0.01473659555364706,0.8992082399280015
846,0,3,8,2,1,2,2,0,0.13575234712002027,0.7330881931423839
847,0,3,0,0,1,0,2,1,0.015419748989908846,0.40324201094360773
848,0,2,0,1,1,2,4,0,0.06441160970468252,-0.09272421804078601
849,1,1,1,0,0,0,3,0,0.17391134620264279,0.5449466477962916
850,0,3,4,2,1,2,0,0,0.06105439853219604,-1.7931798602729931
851,0,3,0,0,1,2,2,1,0.015185524954619091,3.166482429570945
852,0,3,1,1,0,0,1,0,0.029765971151406317,-1.4389182681412833
853,1,1,0,1,0,2,1,0,0.07690355825346944,-0.9429520391568896
854,0,2,1,0,0,2,3,0,0.05074854097944684,1.0409128767806854
855,1,3,0,1,0,2,3,0,0.01824995608299338,-0.8012474023042057
856,1,1,1,1,0,2,3,0,0.3218043058185154,1.1117651952070273
857,1,1,0,0,1,2,2,1,0.05182206780785821,1.5368791057650792
858,1,3,0,3,0,0,3,0,0.03759295766400562,-0.3761334917461539
859,0,3,0,0,1,0,2,1,0.014111998126207717,-0.7611741890238428
860,0,3,2,0,1,2,2,0,0.027540842816153648,0.8283559215016596
861,0,2,1,0,1,2,2,0,0.022446470048601484,-0.5886904470251798
862,1,1,0,0,0,2,3,1,0.05061191029219448,1.3243221504860534
863,0,3,8,2,0,2,1,0,0.13575234712002027,-0.1984188052667633
864,0,2,0,0,1,2,2,1,0.02537427048972342,-0.3761334917461539
865,1,2,0,0,0,2,3,1,0.02537427048972342,0.8992082399280015
866,1,2,1,0,0,0,1,0,0.027052876075966657,-0.16357653646712797
867,0,1,0,0,1,2,2,1,0.09856928151777174,0.11983273723823988
868,0,3,0,0,1,2,2,1,0.018542736127105573,0.10017347835536454
869,1,3,1,1,1,2,0,0,0.021724279273124744,-1.7931798602729931
870,0,3,0,0,1,2,2,1,0.015419748989908846,-0.23442885489346996
871,1,1,1,1,0,2,3,0,0.10257060878730503,1.2534698320597113
872,0,1,0,0,1,2,2,1,0.009759334803739776,0.2615373740909238
873,0,3,0,0,1,2,2,1,0.017566802646731598,1.2534698320597113
874,1,2,1,0,0,0,3,0,0.046844807057950924,-0.09272421804078601
875,1,3,0,0,0,0,1,1,0.014111998126207717,-1.0138043575832316
876,0,3,0,0,1,2,2,1,0.01922588956336736,-0.6595427654515218
877,0,3,0,0,1,2,2,1,0.015419748989908846,-0.7303950838778637
878,0,3,0,0,1,2,2,1,0.015419748989908846,-0.16272711707096502
879,1,1,0,1,0,0,3,0,0.16231725645579995,1.891140697896789
880,1,2,0,1,0,2,3,0,0.05074854097944684,-0.3052811733198119
881,0,3,0,0,1,2,2,1,0.015419748989908846,0.2615373740909238
882,0,3,0,0,0,2,1,1,0.020533640427068487,-0.5178381285988378
883,0,2,0,0,1,2,2,1,0.02049460308785353,-0.09272421804078601
884,0,3,0,0,1,2,2,1,0.013760662073273084,-0.3052811733198119
885,0,3,0,5,0,1,3,0,0.056857884566587934,0.6866512846489756
886,0,2,0,0,1,2,4,1,0.02537427048972342,-0.16357653646712797
887,1,1,0,0,0,2,1,1,0.05855600882243865,-0.7303950838778637
888,0,3,1,2,0,2,1,0,0.045771280229539545,-0.06905359917687186
889,1,1,0,0,1,0,2,1,0.05855600882243865,-0.23442885489346996
890,0,3,0,0,1,1,2,1,0.015126968945796652,0.19068505566458185
